condition,ROI_ID,channel,distance_reference_px,raw_mean,filtered,normalized,profile_stack_SD
UV,M4_002,Lab_a,-22.0,3.521488904953003,3.350605306816753,0.08492543804293481,0.9337059855461121
UV,M4_002,Lab_a,-21.8,3.4698679447174072,3.2857492249448566,0.07985244823364496,0.8132304549217224
UV,M4_002,Lab_a,-21.6,3.3579986095428467,3.2110745337016033,0.07401145481012701,0.730289876461029
UV,M4_002,Lab_a,-21.400000000000002,3.1614561080932617,3.130487126776492,0.06770797359003602,0.6044456362724304
UV,M4_002,Lab_a,-21.200000000000003,2.9753236770629883,3.049226150694595,0.06135180634005234,0.5660358667373657
UV,M4_002,Lab_a,-21.000000000000004,2.8465638160705566,2.973087206906924,0.05539628027716328,0.6546090245246887
UV,M4_002,Lab_a,-20.800000000000004,2.689194679260254,2.907467073270009,0.05026352696218766,0.8529439568519592
UV,M4_002,Lab_a,-20.600000000000005,2.6235086917877197,2.8564694677540774,0.04627453586661841,0.9693116545677185
UV,M4_002,Lab_a,-20.400000000000006,2.6446340084075928,2.822293774195712,0.0436013409997215,0.9928435683250427
UV,M4_002,Lab_a,-20.200000000000006,2.668461799621582,2.8050402217743997,0.042251782206141446,1.017905831336975
UV,M4_002,Lab_a,-20.000000000000007,2.7051525115966797,2.802940125774487,0.042087514410452956,1.048848271369934
UV,M4_002,Lab_a,-19.800000000000008,2.76924729347229,2.8129125058535074,0.0428675458439762,1.0863909721374512
UV,M4_002,Lab_a,-19.60000000000001,2.844891309738159,2.8312746755365894,0.04430381977527408,1.1182563304901123
UV,M4_002,Lab_a,-19.40000000000001,2.907583475112915,2.854433255878403,0.04611526503500614,1.1548124551773071
UV,M4_002,Lab_a,-19.20000000000001,2.915355682373047,2.87941965651621,0.04806968090701015,1.1165350675582886
UV,M4_002,Lab_a,-19.00000000000001,2.921102285385132,2.9042105741280784,0.05000880625621583,1.060271978378296
UV,M4_002,Lab_a,-18.80000000000001,2.944420099258423,2.927840571448001,0.05185712536735626,0.9955275058746338
UV,M4_002,Lab_a,-18.600000000000012,2.960496664047241,2.950359710761484,0.05361855407155893,0.9386011958122253
UV,M4_002,Lab_a,-18.400000000000013,2.9904375076293945,2.972696114110671,0.055365689317724856,0.8840364813804626
UV,M4_002,Lab_a,-18.200000000000014,3.000662088394165,2.9964690857331173,0.0572251917621589,0.8320237398147583
UV,M4_002,Lab_a,-18.000000000000014,2.9900002479553223,3.0237620109218413,0.0593600221026902,0.7999918460845947
UV,M4_002,Lab_a,-17.800000000000015,2.9808225631713867,3.0568650032168514,0.06194931115196215,0.7962281107902527
UV,M4_002,Lab_a,-17.600000000000016,2.9920027256011963,3.0979868284930903,0.06516582677462657,0.7733965516090393
UV,M4_002,Lab_a,-17.400000000000016,3.031435251235962,3.1489578687825683,0.06915273995985662,0.7788805961608887
UV,M4_002,Lab_a,-17.200000000000017,3.1087164878845215,3.210972633142001,0.07400348423149347,0.8088775873184204
UV,M4_002,Lab_a,-17.000000000000018,3.1858139038085938,3.2843933263314726,0.07974639095035559,0.8351923823356628
UV,M4_002,Lab_a,-16.80000000000002,3.2856109142303467,3.3686321405888817,0.08633548227287152,0.8166562914848328
UV,M4_002,Lab_a,-16.60000000000002,3.390108346939087,3.462112970550269,0.093647476523384,0.7669298648834229
UV,M4_002,Lab_a,-16.40000000000002,3.517259359359741,3.562301488309666,0.10148414064079368,0.7129035592079163
UV,M4_002,Lab_a,-16.20000000000002,3.645829677581787,3.665810153129711,0.10958050395244823,0.6685943603515625
UV,M4_002,Lab_a,-16.00000000000002,3.7821197509765625,3.7685970958439072,0.11762041474982134,0.6269561648368835
UV,M4_002,Lab_a,-15.800000000000022,3.9336752891540527,3.866287959342106,0.12526171438870431,0.5927609205245972
UV,M4_002,Lab_a,-15.600000000000023,4.081503868103027,3.954632570350133,0.1321719577832193,0.5624607801437378
UV,M4_002,Lab_a,-15.400000000000023,4.200647830963135,4.030059916948604,0.1380718232945465,0.5210374593734741
UV,M4_002,Lab_a,-15.200000000000024,4.296176910400391,4.0902470692950015,0.14277961324563443,0.5112664103507996
UV,M4_002,Lab_a,-15.000000000000025,4.320737361907959,4.134587514185679,0.14624788666853533,0.5482707023620605
UV,M4_002,Lab_a,-14.800000000000026,4.3092241287231445,4.164443884770289,0.14858322761647105,0.6032569408416748
UV,M4_002,Lab_a,-14.600000000000026,4.259965419769287,4.183121796083266,0.15004419860045223,0.6276717185974121
UV,M4_002,Lab_a,-14.400000000000027,4.185056209564209,4.195572595190015,0.1510180899482338,0.6293662190437317
UV,M4_002,Lab_a,-14.200000000000028,4.134814262390137,4.2078995442552865,0.15198229384681766,0.5963465571403503
UV,M4_002,Lab_a,-14.000000000000028,4.105459213256836,4.226782015737201,0.1534592653603168,0.5536125302314758
UV,M4_002,Lab_a,-13.80000000000003,4.103469371795654,4.258908545468839,0.1559721763045573,0.5278083086013794
UV,M4_002,Lab_a,-13.60000000000003,4.132569789886475,4.310468685690061,0.160005168405814,0.5246862769126892
UV,M4_002,Lab_a,-13.40000000000003,4.157442092895508,4.386711307158669,0.16596880405231748,0.5328468680381775
UV,M4_002,Lab_a,-13.200000000000031,4.217989921569824,4.491540821560456,0.17416848314060213,0.5168135166168213
UV,M4_002,Lab_a,-13.000000000000032,4.320899486541748,4.627150279563907,0.18477574430469235,0.5578732490539551
UV,M4_002,Lab_a,-12.800000000000033,4.492140293121338,4.793723519986428,0.19780496726689548,0.6020925045013428
UV,M4_002,Lab_a,-12.600000000000033,4.740132808685303,4.98926943147145,0.2131004089214069,0.6277887225151062
UV,M4_002,Lab_a,-12.400000000000034,5.042240619659424,5.209649182994701,0.2303383332822944,0.6291970014572144
UV,M4_002,Lab_a,-12.200000000000035,5.368513584136963,5.448819651194979,0.2490460521707036,0.6311833262443542
UV,M4_002,Lab_a,-12.000000000000036,5.685657501220703,5.699276418313653,0.2686365761522529,0.632821798324585
UV,M4_002,Lab_a,-11.800000000000036,5.994762897491455,5.9526386393577155,0.2884543623693466,0.6321976780891418
UV,M4_002,Lab_a,-11.600000000000037,6.310958385467529,6.200308079687293,0.3078268639235747,0.6197472810745239
UV,M4_002,Lab_a,-11.400000000000038,6.631329536437988,6.4341641666617235,0.32611889624839135,0.5775052309036255
UV,M4_002,Lab_a,-11.200000000000038,6.885620594024658,6.6472569954268605,0.3427868434563881,0.4549207091331482
UV,M4_002,Lab_a,-11.000000000000039,7.120891094207764,6.834464864857999,0.3574300902642801,0.34926870465278625
UV,M4_002,Lab_a,-10.80000000000004,7.313835144042969,6.993058457630351,0.36983515169771564,0.28844135999679565
UV,M4_002,Lab_a,-10.60000000000004,7.407739639282227,7.123073605362021,0.3800048304766287,0.2948385179042816
UV,M4_002,Lab_a,-10.400000000000041,7.449553966522217,7.227388684363847,0.3881642708476456,0.3852820098400116
UV,M4_002,Lab_a,-10.200000000000042,7.456552028656006,7.311421100684326,0.39473721789193067,0.5092906355857849
UV,M4_002,Lab_a,-10.000000000000043,7.412444591522217,7.382419808529546,0.40029067889321296,0.5647836923599243
UV,M4_002,Lab_a,-9.800000000000043,7.353744983673096,7.448438659111289,0.40545461952230816,0.6037004590034485
UV,M4_002,Lab_a,-9.600000000000044,7.332462787628174,7.517153332898948,0.41082942524310395,0.6411570906639099
UV,M4_002,Lab_a,-9.400000000000045,7.392567157745361,7.594746064047783,0.41689866536726833,0.6564075350761414
UV,M4_002,Lab_a,-9.200000000000045,7.480555534362793,7.685083704437792,0.42396480189397073,0.6824672222137451
UV,M4_002,Lab_a,-9.000000000000046,7.6158671379089355,7.789347319392255,0.4321202167891913,0.6922285556793213
UV,M4_002,Lab_a,-8.800000000000047,7.819675922393799,7.906165045576673,0.4412576040221804,0.6145543456077576
UV,M4_002,Lab_a,-8.600000000000048,8.020689964294434,8.0321845334117,0.4511147455439539,0.5549675822257996
UV,M4_002,Lab_a,-8.400000000000048,8.209297180175781,8.162929013522515,0.4613414721065166,0.5227680206298828
UV,M4_002,Lab_a,-8.200000000000049,8.381603240966797,8.293741607586904,0.4715735264869551,0.5215790271759033
UV,M4_002,Lab_a,-8.00000000000005,8.524590492248535,8.420629378700058,0.4814985844183295,0.5651934742927551
UV,M4_002,Lab_a,-7.8000000000000504,8.652709007263184,8.540872462029652,0.4909039002925365,0.6370302438735962
UV,M4_002,Lab_a,-7.600000000000051,8.74614143371582,8.653339111664407,0.4997009498677639,0.6978455781936646
UV,M4_002,Lab_a,-7.400000000000052,8.820316314697266,8.75849179929653,0.5079259073024552,0.7641133666038513
UV,M4_002,Lab_a,-7.200000000000053,8.909073829650879,8.858125377272753,0.5157191644827888,0.7730883955955505
UV,M4_002,Lab_a,-7.000000000000053,8.956336975097656,8.954911837404401,0.5232897224282241,0.7539335489273071
UV,M4_002,Lab_a,-6.800000000000054,8.982183456420898,9.051841496664892,0.5308714812926842,0.7088061571121216
UV,M4_002,Lab_a,-6.600000000000055,9.052793502807617,9.151675798484092,0.5386804389282492,0.682305634021759
UV,M4_002,Lab_a,-6.400000000000055,9.156367301940918,9.256531454333546,0.5468821627792421,0.6708020567893982
UV,M4_002,Lab_a,-6.200000000000056,9.286880493164062,9.367688428966126,0.5555767706443361,0.6882161498069763
UV,M4_002,Lab_a,-6.000000000000057,9.446930885314941,9.48565010648714,0.5648036368175476,0.7511820793151855
UV,M4_002,Lab_a,-5.8000000000000576,9.606566429138184,9.610409359097046,0.5745622037682119,0.8096634745597839
UV,M4_002,Lab_a,-5.600000000000058,9.74864387512207,9.741810594911128,0.5848403012260508,0.8551068305969238
UV,M4_002,Lab_a,-5.400000000000059,9.852583885192871,9.879866388920691,0.5956389127966244,0.8904454112052917
UV,M4_002,Lab_a,-5.20000000000006,9.968293190002441,10.024918201239283,0.6069847472114243,0.8918750882148743
UV,M4_002,Lab_a,-5.00000000000006,10.100493431091309,10.177610121152327,0.618928184608857,0.8947948813438416
UV,M4_002,Lab_a,-4.800000000000061,10.23885726928711,10.338712706137915,0.6315294973661774,0.8658155202865601
UV,M4_002,Lab_a,-4.600000000000062,10.419921875,10.508893333026291,0.6448408871545479,0.8146395087242126
UV,M4_002,Lab_a,-4.4000000000000625,10.615589141845703,10.688530028332057,0.6588919228995169,0.7511093616485596
UV,M4_002,Lab_a,-4.200000000000063,10.807662963867188,10.877632420022955,0.6736833576928659,0.6983553171157837
UV,M4_002,Lab_a,-4.000000000000064,11.019475936889648,11.075882049629184,0.6891902819729108,0.6922585368156433
UV,M4_002,Lab_a,-3.8000000000000647,11.241466522216797,11.282753986293676,0.7053716360762916,0.7014457583427429
UV,M4_002,Lab_a,-3.6000000000000654,11.459805488586426,11.497661030259732,0.7221814897171237,0.7094407677650452
UV,M4_002,Lab_a,-3.400000000000066,11.662625312805176,11.72007150202921,0.7395782553588487,0.7137191891670227
UV,M4_002,Lab_a,-3.200000000000067,11.901551246643066,11.949566520238877,0.7575291684429909,0.7448723912239075
UV,M4_002,Lab_a,-3.0000000000000675,12.144092559814453,12.185809422689465,0.7760078955269994,0.8071879744529724
UV,M4_002,Lab_a,-2.800000000000068,12.382940292358398,12.428424013583015,0.7949850108824882,0.886864960193634
UV,M4_002,Lab_a,-2.600000000000069,12.63883113861084,12.676780264322243,0.8144112341866049,0.9647955894470215
UV,M4_002,Lab_a,-2.4000000000000696,12.893146514892578,12.929700314712282,0.8341944341758987,1.0350333452224731
UV,M4_002,Lab_a,-2.2000000000000703,13.12875747680664,13.185133740220284,0.8541742283163091,1.078440546989441
UV,M4_002,Lab_a,-2.000000000000071,13.396588325500488,13.43989666358777,0.874101576326337,1.1077308654785156
UV,M4_002,Lab_a,-1.8000000000000718,13.692224502563477,13.689583833129937,0.8936319030133506,1.1176599264144897
UV,M4_002,Lab_a,-1.6000000000000725,14.033557891845703,13.928755929647426,0.9123397492674035,1.0923432111740112
UV,M4_002,Lab_a,-1.4000000000000732,14.361105918884277,14.151439286150422,0.9297578597303432,1.0378657579421997
UV,M4_002,Lab_a,-1.200000000000074,14.623218536376953,14.351882926762123,0.945436397761188,0.9160880446434021
UV,M4_002,Lab_a,-1.0000000000000746,14.838530540466309,14.525415067318795,0.9590099402142622,0.827875018119812
UV,M4_002,Lab_a,-0.8000000000000753,14.99080753326416,14.669196584595534,0.9702564131872957,0.7862353324890137
UV,M4_002,Lab_a,-0.600000000000076,15.068732261657715,14.782682590292222,0.9791331959620161,0.7260347008705139
UV,M4_002,Lab_a,-0.40000000000007674,15.071737289428711,14.867674872722704,0.9857812229502908,0.5641151666641235
UV,M4_002,Lab_a,-0.20000000000007745,15.067477226257324,14.92795801641785,0.9904965212663606,0.4010530114173889
UV,M4_002,Lab_a,-7.815970093361102e-14,15.04049015045166,14.96861687117799,0.9936768237129836,0.2944881319999695
UV,M4_002,Lab_a,0.19999999999992113,14.9964017868042,14.99519051927178,0.9957553927859925,0.2968149483203888
UV,M4_002,Lab_a,0.3999999999999204,14.982284545898438,15.012825198364661,0.9971347629968693,0.3838461637496948
UV,M4_002,Lab_a,0.5999999999999197,15.008001327514648,15.02556149995322,0.9981309861158425,0.4170761704444885
UV,M4_002,Lab_a,0.799999999999919,14.98934555053711,15.035835934262014,0.9989346439847788,0.38056066632270813
UV,M4_002,Lab_a,0.9999999999999183,15.00185775756836,15.044229038584863,0.9995911457571526,0.3294490575790405
UV,M4_002,Lab_a,1.1999999999999176,15.040030479431152,15.049456071408628,1.0,0.28826457262039185
UV,M4_002,Lab_a,1.3999999999999169,15.095348358154297,15.048579007916118,0.9999313968091937,0.2818360924720764
UV,M4_002,Lab_a,1.5999999999999162,15.14340877532959,15.03740424130448,0.9990573156820914,0.33267247676849365
UV,M4_002,Lab_a,1.7999999999999154,15.179232597351074,15.011015222996614,0.9969931882003019,0.42113837599754333
UV,M4_002,Lab_a,1.9999999999999147,15.181563377380371,14.964371136227463,0.9933447257891604,0.47845110297203064
UV,M4_002,Lab_a,2.199999999999914,15.135098457336426,14.892892807504372,0.9877537492341238,0.520295262336731
UV,M4_002,Lab_a,2.3999999999999133,15.05264949798584,14.792956907580585,0.9799368446777099,0.5939009189605713
UV,M4_002,Lab_a,2.5999999999999126,14.947701454162598,14.662231559474549,0.9697116146049516,0.6804102063179016
UV,M4_002,Lab_a,2.799999999999912,14.767722129821777,14.499814794316043,0.957007507746718,0.7043838500976562
UV,M4_002,Lab_a,2.999999999999911,14.534881591796875,14.306181146267729,0.9418616417780499,0.6909323334693909
UV,M4_002,Lab_a,3.1999999999999105,14.263412475585938,14.082983264429842,0.9244032855632055,0.6853138208389282
UV,M4_002,Lab_a,3.3999999999999098,13.981186866760254,13.832771465395334,0.9048319227853353,0.6726675629615784
UV,M4_002,Lab_a,3.599999999999909,13.705753326416016,13.558706988349511,0.8833948229943245,0.6253553032875061
UV,M4_002,Lab_a,3.7999999999999083,13.396170616149902,13.264320528976857,0.8603681543259922,0.5712658166885376
UV,M4_002,Lab_a,3.9999999999999076,13.05538272857666,12.953324335813223,0.8360422858320662,0.5005135536193848
UV,M4_002,Lab_a,4.199999999999907,12.705526351928711,12.629462539393215,0.8107100803482051,0.47398287057876587
UV,M4_002,Lab_a,4.399999999999906,12.317611694335938,12.29638125705392,0.7846567341977244,0.5092065930366516
UV,M4_002,Lab_a,4.5999999999999055,11.937420845031738,11.95750460225208,0.7581500787415474,0.5339342355728149
UV,M4_002,Lab_a,4.799999999999905,11.582267761230469,11.61593848003884,0.7314330553387314,0.5725271701812744
UV,M4_002,Lab_a,4.999999999999904,11.252710342407227,11.274429524519665,0.7047205034680839,0.6247252225875854
UV,M4_002,Lab_a,5.199999999999903,10.926438331604004,10.93539345722303,0.6782013788966255,0.6719359755516052
UV,M4_002,Lab_a,5.399999999999903,10.566460609436035,10.601002252020319,0.6520455716485072,0.6885899901390076
UV,M4_002,Lab_a,5.599999999999902,10.215536117553711,10.273281307322447,0.6264115067349505,0.7667216658592224
UV,M4_002,Lab_a,5.799999999999901,9.876629829406738,9.954167518327491,0.6014506865180763,0.8983624577522278
UV,M4_002,Lab_a,5.9999999999999005,9.545026779174805,9.64548276312559,0.577305616815663,0.9306110739707947
UV,M4_002,Lab_a,6.1999999999999,9.242972373962402,9.348805844851256,0.554099790320779,0.8976219892501831
UV,M4_002,Lab_a,6.399999999999899,8.955005645751953,9.065272605696522,0.5319220516829756,0.8699238896369934
UV,M4_002,Lab_a,6.599999999999898,8.664376258850098,8.795344609541733,0.5108085040523926,0.8515762090682983
UV,M4_002,Lab_a,6.799999999999898,8.413878440856934,8.538614713234153,0.49072730102380296,0.8299399018287659
UV,M4_002,Lab_a,6.999999999999897,8.1754732131958,8.29372462146737,0.4715721978465437,0.8235185146331787
UV,M4_002,Lab_a,7.199999999999896,7.980447769165039,8.058441618784206,0.45316855333918094,0.7751479148864746
UV,M4_002,Lab_a,7.3999999999998956,7.824789047241211,7.829912992485035,0.4352932306418186,0.6950528621673584
UV,M4_002,Lab_a,7.599999999999895,7.651085376739502,7.605063694998725,0.4177057020423103,0.5922505259513855
UV,M4_002,Lab_a,7.799999999999894,7.439987659454346,7.381049419802527,0.4001834882050572,0.49768006801605225
UV,M4_002,Lab_a,7.999999999999893,7.222206115722656,7.155657213514811,0.38255349372205094,0.4405919015407562
UV,M4_002,Lab_a,8.199999999999893,6.9679789543151855,6.927564803846286,0.36471229153363766,0.41425642371177673
UV,M4_002,Lab_a,8.399999999999892,6.726632595062256,6.696415270905145,0.34663196365708376,0.4185759127140045
UV,M4_002,Lab_a,8.599999999999891,6.468098163604736,6.462726029966676,0.3283529818930738,0.4291122257709503
UV,M4_002,Lab_a,8.79999999999989,6.220568656921387,6.227689889921183,0.30996864677981945,0.44337958097457886
UV,M4_002,Lab_a,8.99999999999989,5.992048263549805,5.992956177719414,0.29160796732575656,0.44604241847991943
UV,M4_002,Lab_a,9.19999999999989,5.723217964172363,5.760452863261684,0.2734217477634973,0.4164515733718872
UV,M4_002,Lab_a,9.399999999999888,5.476702690124512,5.532276743850474,0.2555739978673082,0.3930281102657318
UV,M4_002,Lab_a,9.599999999999888,5.267179489135742,5.31065219779629,0.2382387066938131,0.35382339358329773
UV,M4_002,Lab_a,9.799999999999887,5.028666973114014,5.097932903094731,0.22159997701551074,0.3664590120315552
UV,M4_002,Lab_a,9.999999999999886,4.800188064575195,4.896588603781266,0.20585099019584271,0.41082680225372314
UV,M4_002,Lab_a,10.19999999999989,4.603164196014404,4.709144731913557,0.19118928346991165,0.41258689761161804
UV,M4_002,Lab_a,10.399999999999885,4.402438640594482,4.538036429708609,0.17780533167514986,0.39688777923583984
UV,M4_002,Lab_a,10.59999999999988,4.2014851570129395,4.385372605478229,0.16586409189909232,0.4022422134876251
UV,M4_002,Lab_a,10.799999999999883,4.070382118225098,4.25262296519141,0.15548052334353119,0.41196972131729126
UV,M4_002,Lab_a,10.999999999999886,3.966489315032959,4.14026377288222,0.1466918789926372,0.4734368920326233
UV,M4_002,Lab_a,11.199999999999882,3.8767194747924805,4.0474478092857,0.139431890046734,0.5532982349395752
UV,M4_002,Lab_a,11.399999999999878,3.806368350982666,3.97177117471754,0.1335125254338066,0.5725687742233276
UV,M4_002,Lab_a,11.59999999999988,3.8096084594726562,3.909200367477097,0.12861828794168095,0.6313348412513733
UV,M4_002,Lab_a,11.799999999999883,3.81817626953125,3.8542399072289477,0.12431932558216852,0.7788394093513489
UV,M4_002,Lab_a,11.99999999999988,3.81510066986084,3.8003565427866484,0.12010461277780955,0.9640220403671265
UV,M4_002,Lab_a,12.199999999999875,3.8693926334381104,3.7406357567522734,0.11543330161914946,1.1467630863189697
UV,M4_002,Lab_a,12.399999999999878,3.9150710105895996,3.668571503704942,0.1097964945415142,1.2729130983352661
UV,M4_002,Lab_a,12.59999999999988,3.820481300354004,3.5788302312986144,0.10277700543193118,1.1104633808135986
UV,M4_002,Lab_a,12.799999999999876,3.7093582153320312,3.4678298379330124,0.09409464522578885,0.9900446534156799
UV,M4_002,Lab_a,12.999999999999872,3.5435118675231934,3.334011296467775,0.08362746809214607,0.9520760178565979
UV,M4_002,Lab_a,13.199999999999875,3.3307199478149414,3.1777715282236714,0.07140652089287353,0.956965982913971
UV,M4_002,Lab_a,13.399999999999878,3.094602346420288,3.001134359604653,0.0575901056780904,0.968100368976593
UV,M4_002,Lab_a,13.599999999999874,2.8740341663360596,2.807284812902574,0.04242735229287195,0.9979664087295532
UV,M4_002,Lab_a,13.79999999999987,2.6888442039489746,2.600101818517682,0.026221667508386892,0.999603807926178
UV,M4_002,Lab_a,13.999999999999872,2.450380563735962,2.383783265714573,0.009301406797941229,0.9654316306114197
UV,M4_002,Lab_a,14.199999999999875,2.1513116359710693,2.1625941014257983,-0.007999829169082501,0.8691933751106262
UV,M4_002,Lab_a,14.39999999999987,1.9062285423278809,1.9407234362199657,-0.02535437158181605,0.7536455988883972
UV,M4_002,Lab_a,14.599999999999866,1.6400562524795532,1.722230596469046,-0.04244470324336392,0.6958844661712646
UV,M4_002,Lab_a,14.79999999999987,1.4103344678878784,1.5110537422678054,-0.05896278448417653,0.6313461661338806
UV,M4_002,Lab_a,14.999999999999872,1.2268238067626953,1.3110600036098634,-0.07460613155126398,0.628985583782196
UV,M4_002,Lab_a,15.199999999999868,1.0362330675125122,1.1260806383395734,-0.08907506658188463,0.6122658252716064
UV,M4_002,Lab_a,15.399999999999864,0.8280330896377563,0.9598656579028749,-0.10207626674029353,0.542424201965332
UV,M4_002,Lab_a,15.599999999999866,0.6205174326896667,0.8158926825325092,-0.11333771540920377,0.5099066495895386
UV,M4_002,Lab_a,15.79999999999987,0.4413188695907593,0.6969988141501999,-0.12263749679103066,0.49675264954566956
UV,M4_002,Lab_a,15.999999999999865,0.32347995042800903,0.6048976520979963,-0.12984157454332917,0.5096146464347839
UV,M4_002,Lab_a,16.19999999999986,0.26021793484687805,0.5397244537996753,-0.13493936894076525,0.541551411151886
UV,M4_002,Lab_a,16.399999999999864,0.2740098834037781,0.4997701035989973,-0.13806456561553795,0.5079849362373352
UV,M4_002,Lab_a,16.599999999999866,0.3382597863674164,0.4815493374972248,-0.13948977907407403,0.4727362394332886
UV,M4_002,Lab_a,16.799999999999862,0.41639822721481323,0.4802399193256945,-0.13959220069512404,0.48497888445854187
UV,M4_002,Lab_a,16.999999999999858,0.5139761567115784,0.49041914321789853,-0.13879599010729315,0.5101348161697388
UV,M4_002,Lab_a,17.19999999999986,0.5843215584754944,0.5069292915135646,-0.13750457977789318,0.545873761177063
UV,M4_002,Lab_a,17.399999999999864,0.6023643612861633,0.5256595189249532,-0.1360395166713778,0.5774974226951599
UV,M4_002,Lab_a,17.59999999999986,0.606642484664917,0.5440811490334455,-0.13459859179411687,0.6326655745506287
UV,M4_002,Lab_a,17.799999999999855,0.5885056257247925,0.5614391180884319,-0.1332408656166422,0.686238706111908
UV,M4_002,Lab_a,17.999999999999858,0.5779083371162415,0.5785903631863261,-0.1318993092184295,0.6823437809944153
UV,M4_002,Lab_a,18.19999999999986,0.5669405460357666,0.5975652832253064,-0.13041510645422355,0.6668621897697449
UV,M4_002,Lab_a,18.399999999999856,0.5485318899154663,0.6209532099351152,-0.12858572190870585,0.6644916534423828
UV,M4_002,Lab_a,18.599999999999852,0.5555264949798584,0.651228694483433,-0.12621759820847533,0.6822628974914551
UV,M4_002,Lab_a,18.799999999999855,0.5549332499504089,0.6901257033738359,-0.12317510590832954,0.6934849619865417
UV,M4_002,Lab_a,18.999999999999858,0.6076416373252869,0.7381468544557775,-0.11941893065015965,0.6653741598129272
UV,M4_002,Lab_a,19.199999999999854,0.7087989449501038,0.7942793856237556,-0.11502828985956653,0.6353057622909546
UV,M4_002,Lab_a,19.39999999999985,0.8116607666015625,0.8559341253190926,-0.11020570642341859,0.6256882548332214
UV,M4_002,Lab_a,19.599999999999852,0.9360786080360413,0.9191270904698996,-0.10526280424714998,0.6358884572982788
UV,M4_002,Lab_a,19.799999999999855,1.054336428642273,0.9788643032447046,-0.10059020820225568,0.650427520275116
UV,M4_002,Lab_a,19.99999999999985,1.1416759490966797,1.029678759294908,-0.09661554290846787,0.6762374639511108
UV,M4_002,Lab_a,20.199999999999847,1.23323392868042,1.0662613256124287,-0.0937540844180673,0.6907204985618591
UV,M4_002,Lab_a,20.39999999999985,1.2815320491790771,1.084126995960497,-0.09235664625967069,0.6098273992538452
UV,M4_002,Lab_a,20.599999999999852,1.324622631072998,1.0802461224827082,-0.09266020501677928,0.525902509689331
UV,M4_002,Lab_a,20.799999999999848,1.30441415309906,1.0535590229333676,-0.09474764817007858,0.4839434325695038
UV,M4_002,Lab_a,20.999999999999844,1.2178692817687988,1.0052766354673988,-0.09852425712506972,0.5417789220809937
UV,M4_002,Lab_a,21.199999999999847,1.0934641361236572,0.9388668049651577,-0.1037187798845539,0.6843458414077759
UV,M4_002,Lab_a,21.39999999999985,0.9283663034439087,0.8596716990820855,-0.10991335645308607,0.8020298480987549
UV,M4_002,Lab_a,21.599999999999845,0.7473199963569641,0.7741758357249798,-0.11660077313058002,0.9116348624229431
UV,M4_002,Lab_a,21.79999999999984,0.5635867714881897,0.6890469900047792,-0.12325948198795732,1.037031650543213
UV,M4_002,Lab_a,21.999999999999844,0.36506497859954834,0.610155335272442,-0.1294303228550585,1.1468816995620728
NIR,M4_002,Lab_a,-22.0,-7.114973068237305,-7.116394271426871,-0.06410072705630325,0.42637473344802856
NIR,M4_002,Lab_a,-21.8,-7.120187282562256,-7.115027878776306,-0.0626806933225938,0.36428821086883545
NIR,M4_002,Lab_a,-21.6,-7.159265518188477,-7.112857410230453,-0.0604250177290566,0.34377145767211914
NIR,M4_002,Lab_a,-21.400000000000002,-7.14373779296875,-7.109930470894325,-0.0573831742354558,0.3473343551158905
NIR,M4_002,Lab_a,-21.200000000000003,-7.11821174621582,-7.106374884373076,-0.053688004474984535,0.2990145683288574
NIR,M4_002,Lab_a,-21.000000000000004,-7.012975692749023,-7.102311425840845,-0.04946502494643244,0.4263814389705658
NIR,M4_002,Lab_a,-20.800000000000004,-7.066699028015137,-7.0978133050585575,-0.04479031943882556,0.40527743101119995
NIR,M4_002,Lab_a,-20.600000000000005,-7.135756969451904,-7.092929705485027,-0.039715002227862874,0.4465681314468384
NIR,M4_002,Lab_a,-20.400000000000006,-7.1212477684021,-7.087792108983091,-0.03437571681826853,0.38442277908325195
NIR,M4_002,Lab_a,-20.200000000000006,-7.123201370239258,-7.08276394239384,-0.02915015726004225,0.4167606234550476
NIR,M4_002,Lab_a,-20.000000000000007,-7.1175994873046875,-7.078512421143298,-0.02473173215152126,0.4676009714603424
NIR,M4_002,Lab_a,-19.800000000000008,-7.006674289703369,-7.075911921521587,-0.02202914356118954,0.5494920015335083
NIR,M4_002,Lab_a,-19.60000000000001,-7.050837516784668,-7.075748061111099,-0.021858850409791578,0.39619672298431396
NIR,M4_002,Lab_a,-19.40000000000001,-7.042041301727295,-7.078301964333441,-0.02451301334520899,0.4125383794307709
NIR,M4_002,Lab_a,-19.20000000000001,-6.865602493286133,-7.082988202046078,-0.02938322077304925,0.4320719838142395
NIR,M4_002,Lab_a,-19.00000000000001,-7.058592319488525,-7.088251386606383,-0.03485302450719868,0.6759089827537537
NIR,M4_002,Lab_a,-18.80000000000001,-7.228036880493164,-7.091821970739554,-0.03856378064750427,0.9113475680351257
NIR,M4_002,Lab_a,-18.600000000000012,-7.2253642082214355,-7.0913057143302805,-0.03802725733108472,0.8076038360595703
NIR,M4_002,Lab_a,-18.400000000000013,-7.1755146980285645,-7.084887033775406,-0.03135659578291147,0.7409275770187378
NIR,M4_002,Lab_a,-18.200000000000014,-7.291847229003906,-7.0719072071587155,-0.017867214347944332,0.6533077955245972
NIR,M4_002,Lab_a,-18.000000000000014,-7.10347318649292,-7.053047620638463,0.0017327513365221457,0.8839909434318542
NIR,M4_002,Lab_a,-17.800000000000015,-6.931103229522705,-7.03006852144659,0.025613951231175075,0.8702201247215271
NIR,M4_002,Lab_a,-17.600000000000016,-6.917234897613525,-7.005217057043398,0.05144102060982978,0.785979151725769
NIR,M4_002,Lab_a,-17.400000000000016,-6.890923976898193,-6.980542411702116,0.0770843294621292,0.679851770401001
NIR,M4_002,Lab_a,-17.200000000000017,-6.9286885261535645,-6.957396873083515,0.10113850277000665,0.8123081922531128
NIR,M4_002,Lab_a,-17.000000000000018,-6.9440083503723145,-6.9362952657099095,0.1230685053162241,0.9385286569595337
NIR,M4_002,Lab_a,-16.80000000000002,-6.9230570793151855,-6.91714187657276,0.1429738075574065,1.0015305280685425
NIR,M4_002,Lab_a,-16.60000000000002,-6.926977157592773,-6.899674618921754,0.16112678509982548,1.0725525617599487
NIR,M4_002,Lab_a,-16.40000000000002,-6.961712837219238,-6.883893473795769,0.17752745764896777,0.9974371790885925
NIR,M4_002,Lab_a,-16.20000000000002,-6.8842878341674805,-6.8702999392102075,0.19165463965910912,0.9065197110176086
NIR,M4_002,Lab_a,-16.00000000000002,-6.800015449523926,-6.859833622317456,0.2025318374025688,0.8649237751960754
NIR,M4_002,Lab_a,-15.800000000000022,-6.693511486053467,-6.853550975632114,0.2090611247391761,0.9042085409164429
NIR,M4_002,Lab_a,-15.600000000000023,-6.783616542816162,-6.852222201461549,0.21044206318750905,0.8510050773620605
NIR,M4_002,Lab_a,-15.400000000000023,-6.771182060241699,-6.855980431866974,0.2065362942618996,0.8941947817802429
NIR,M4_002,Lab_a,-15.200000000000024,-6.8835673332214355,-6.864123882848878,0.19807315220801375,0.4872092604637146
NIR,M4_002,Lab_a,-15.000000000000025,-6.950310230255127,-6.875141024059364,0.18662350619193824,0.2301698923110962
NIR,M4_002,Lab_a,-14.800000000000026,-6.821924209594727,-6.886916077551996,0.17438619419464088,0.3346571624279022
NIR,M4_002,Lab_a,-14.600000000000026,-6.881515979766846,-6.897011182868519,0.16389478084512493,0.24043621122837067
NIR,M4_002,Lab_a,-14.400000000000027,-6.953522205352783,-6.903055364279309,0.15761332032026398,0.3505382835865021
NIR,M4_002,Lab_a,-14.200000000000028,-7.004868030548096,-6.903154718401087,0.15751006580960103,0.5104011297225952
NIR,M4_002,Lab_a,-14.000000000000028,-7.048495769500732,-6.8962801997535745,0.16465446048886787,0.5827128291130066
NIR,M4_002,Lab_a,-13.80000000000003,-7.011731147766113,-6.882547870181823,0.17892588622161518,0.5784062147140503
NIR,M4_002,Lab_a,-13.60000000000003,-6.934533596038818,-6.863271278552549,0.19895922756987408,0.5114156007766724
NIR,M4_002,Lab_a,-13.40000000000003,-6.804441452026367,-6.840762337170613,0.2223518124606325,0.4673897325992584
NIR,M4_002,Lab_a,-13.200000000000031,-6.681461811065674,-6.817897798669932,0.2461139543041589,0.3764590919017792
NIR,M4_002,Lab_a,-13.000000000000032,-6.712225437164307,-6.7975931110111185,0.26721575210440174,0.40024611353874207
NIR,M4_002,Lab_a,-12.800000000000033,-6.778425693511963,-6.7823225566609535,0.28308578938886725,0.37019434571266174
NIR,M4_002,Lab_a,-12.600000000000033,-6.6559529304504395,-6.773781862139073,0.2919617697488085,0.4759284257888794
NIR,M4_002,Lab_a,-12.400000000000034,-6.765590190887451,-6.772745694117852,0.29303861507823625,0.43920767307281494
NIR,M4_002,Lab_a,-12.200000000000035,-6.755245685577393,-6.779042481060831,0.28649463237361794,0.48795220255851746
NIR,M4_002,Lab_a,-12.000000000000036,-6.644166946411133,-6.791671508756264,0.27336982132896165,0.4856102764606476
NIR,M4_002,Lab_a,-11.800000000000036,-6.727026462554932,-6.809011544320069,0.25534906028772464,0.31757959723472595
NIR,M4_002,Lab_a,-11.600000000000037,-6.810445785522461,-6.82918582050606,0.234382793581413,0.3848067820072174
NIR,M4_002,Lab_a,-11.400000000000038,-6.98320198059082,-6.850494059177782,0.212238047920437,0.4704335927963257
NIR,M4_002,Lab_a,-11.200000000000038,-7.006453990936279,-6.871899511272316,0.18999227248613373,0.40111014246940613
NIR,M4_002,Lab_a,-11.000000000000039,-6.933642387390137,-6.893319069384793,0.16773183726767604,0.24611014127731323
NIR,M4_002,Lab_a,-10.80000000000004,-6.909514904022217,-6.915616119469395,0.14455946198501915,0.3219154477119446
NIR,M4_002,Lab_a,-10.60000000000004,-6.805589199066162,-6.940272201729522,0.11893544495299602,0.4693318009376526
NIR,M4_002,Lab_a,-10.400000000000041,-6.853980541229248,-6.968786324678428,0.08930193041538682,0.5561655759811401
NIR,M4_002,Lab_a,-10.200000000000042,-6.906919479370117,-7.00209138630688,0.054689397190668364,0.5974018573760986
NIR,M4_002,Lab_a,-10.000000000000043,-6.946490287780762,-7.040161536275886,0.015124710436071541,0.5635044574737549
NIR,M4_002,Lab_a,-9.800000000000043,-7.130469799041748,-7.081919736623861,-0.02827281012920991,0.7435540556907654
NIR,M4_002,Lab_a,-9.600000000000044,-7.114497184753418,-7.125437618483447,-0.07349909280473986,0.8063161969184875
NIR,M4_002,Lab_a,-9.400000000000045,-7.3614583015441895,-7.1682227087853105,-0.11796381639890688,0.9857233166694641
NIR,M4_002,Lab_a,-9.200000000000045,-7.180944919586182,-7.207474091193857,-0.1587561077595489,0.8283601999282837
NIR,M4_002,Lab_a,-9.000000000000046,-7.254361152648926,-7.240291151231094,-0.19286148169784784,0.7856902480125427
NIR,M4_002,Lab_a,-8.800000000000047,-7.177036762237549,-7.263837287827928,-0.21733197943670915,0.722722053527832
NIR,M4_002,Lab_a,-8.600000000000048,-7.446475505828857,-7.275647254316106,-0.22960557502452394,0.45330965518951416
NIR,M4_002,Lab_a,-8.400000000000048,-7.4831037521362305,-7.274082587759288,-0.2279794836577631,0.4955991804599762
NIR,M4_002,Lab_a,-8.200000000000049,-7.571255207061768,-7.258829303909701,-0.21212739486958732,0.5508103966712952
NIR,M4_002,Lab_a,-8.00000000000005,-7.487545967102051,-7.2312074975205425,-0.18342122695921917,0.647118866443634
NIR,M4_002,Lab_a,-7.8000000000000504,-7.085716247558594,-7.194083243737231,-0.14483956985698426,0.6764629483222961
NIR,M4_002,Lab_a,-7.600000000000051,-7.063626289367676,-7.151322191107363,-0.1003998275923778,0.4563612937927246
NIR,M4_002,Lab_a,-7.400000000000052,-6.955111503601074,-7.1069273152791865,-0.05426212240652988,0.41216814517974854
NIR,M4_002,Lab_a,-7.200000000000053,-6.94113302230835,-7.064190746169085,-0.009847824822099107,0.390825092792511
NIR,M4_002,Lab_a,-7.000000000000053,-7.060970783233643,-7.025143900447792,0.030731900263715795,0.44774553179740906
NIR,M4_002,Lab_a,-6.800000000000054,-6.936073303222656,-6.990437876258686,0.06680039425854697,0.3865426480770111
NIR,M4_002,Lab_a,-6.600000000000055,-6.9704060554504395,-6.9596690879989564,0.09877708650446122,0.41317152976989746
NIR,M4_002,Lab_a,-6.400000000000055,-6.9714131355285645,-6.931873625766843,0.12766372754233707,0.3694630265235901
NIR,M4_002,Lab_a,-6.200000000000056,-6.875123977661133,-6.906017270592159,0.15453513713580677,0.39195185899734497
NIR,M4_002,Lab_a,-6.000000000000057,-6.935708999633789,-6.881322196145504,0.18019967708794177,0.39945757389068604
NIR,M4_002,Lab_a,-5.8000000000000576,-6.812765598297119,-6.857334181290359,0.20512940009615377,0.3253835141658783
NIR,M4_002,Lab_a,-5.600000000000058,-6.808156967163086,-6.833847859368184,0.22953773498910762,0.3354322910308838
NIR,M4_002,Lab_a,-5.400000000000059,-6.7774338722229,-6.81067683560187,0.25361839392646074,0.36462560296058655
NIR,M4_002,Lab_a,-5.20000000000006,-6.861848831176758,-6.7874559038535125,0.2777509201056747,0.25500011444091797
NIR,M4_002,Lab_a,-5.00000000000006,-6.7606401443481445,-6.763424514256323,0.30272572063744363,0.38982120156288147
NIR,M4_002,Lab_a,-4.800000000000061,-6.653776168823242,-6.737395760997259,0.3297762962234595,0.3754461109638214
NIR,M4_002,Lab_a,-4.600000000000062,-6.756350517272949,-6.707784390303648,0.3605501336478132,0.3701627552509308
NIR,M4_002,Lab_a,-4.4000000000000625,-6.686312675476074,-6.672867097233491,0.3968381903999914,0.35023826360702515
NIR,M4_002,Lab_a,-4.200000000000063,-6.7538251876831055,-6.6311650550767665,0.440177348146967,0.4289917051792145
NIR,M4_002,Lab_a,-4.000000000000064,-6.872701644897461,-6.581833693743332,0.4914453326420151,0.6068519949913025
NIR,M4_002,Lab_a,-3.8000000000000647,-6.490679740905762,-6.524987159758052,0.5505235162594467,0.8239361047744751
NIR,M4_002,Lab_a,-3.6000000000000654,-6.494044303894043,-6.461854370263996,0.6161347377101047,0.8630844950675964
NIR,M4_002,Lab_a,-3.400000000000066,-6.362945079803467,-6.394707528130522,0.6859175932474246,0.7868425250053406
NIR,M4_002,Lab_a,-3.200000000000067,-6.3423967361450195,-6.326642001884419,0.7566551980876012,0.7881866097450256
NIR,M4_002,Lab_a,-3.0000000000000675,-6.236693859100342,-6.261257392309601,0.8246066403200418,0.7657856941223145
NIR,M4_002,Lab_a,-2.800000000000068,-6.103860855102539,-6.20231330290242,0.8858647240241695,0.7650502920150757
NIR,M4_002,Lab_a,-2.600000000000069,-6.084202766418457,-6.153391092924182,0.9367074949275515,0.7357705235481262
NIR,M4_002,Lab_a,-2.4000000000000696,-5.936361312866211,-6.117537129353617,0.973968993469979,0.7204283475875854
NIR,M4_002,Lab_a,-2.2000000000000703,-6.006199836730957,-6.096916626953794,0.9953990040907832,0.7672865390777588
NIR,M4_002,Lab_a,-2.000000000000071,-5.733607769012451,-6.092489431425693,1.0,1.032070279121399
NIR,M4_002,Lab_a,-1.8000000000000718,-6.158796310424805,-6.1038158088943,0.9882289779006759,0.5817077159881592
NIR,M4_002,Lab_a,-1.6000000000000725,-5.9813947677612305,-6.129049963905363,0.9620041944589914,0.43710219860076904
NIR,M4_002,Lab_a,-1.4000000000000732,-5.980247497558594,-6.1652187344755385,0.9244155303987529,0.42241594195365906
NIR,M4_002,Lab_a,-1.200000000000074,-6.189576625823975,-6.2087515737429895,0.879173703125755,0.5732080340385437
NIR,M4_002,Lab_a,-1.0000000000000746,-6.448050022125244,-6.256128770231857,0.8299365989924885,0.7857581973075867
NIR,M4_002,Lab_a,-0.8000000000000753,-6.461014270782471,-6.304470352552303,0.779697249704737,0.8505206108093262
NIR,M4_002,Lab_a,-0.600000000000076,-6.35957670211792,-6.351881013838752,0.7304253670314679,0.7808199524879456
NIR,M4_002,Lab_a,-0.40000000000007674,-6.358053207397461,-6.397437749862834,0.683080189987982,0.7914746999740601
NIR,M4_002,Lab_a,-0.20000000000007745,-6.362844944000244,-6.440937333346216,0.6378729240361382,0.7367031574249268
NIR,M4_002,Lab_a,-7.815970093361102e-14,-6.422862529754639,-6.482486393213035,0.5946927542727674,0.5031080842018127
NIR,M4_002,Lab_a,0.19999999999992113,-6.574923515319824,-6.5222489786527,0.5533691913565724,0.4568641185760498
NIR,M4_002,Lab_a,0.3999999999999204,-6.624458312988281,-6.560409925202558,0.5137101435794231,0.35971659421920776
NIR,M4_002,Lab_a,0.5999999999999197,-6.6660051345825195,-6.597371071493084,0.4752979971532591,0.35458338260650635
NIR,M4_002,Lab_a,0.799999999999919,-6.674398899078369,-6.633987057546882,0.43724456107253395,0.43242257833480835
NIR,M4_002,Lab_a,0.9999999999999183,-6.654345512390137,-6.671635616338205,0.3981180160877265,0.4149481952190399
NIR,M4_002,Lab_a,1.1999999999999176,-6.691088676452637,-6.712004376691915,0.3561644813796615,0.41661253571510315
NIR,M4_002,Lab_a,1.3999999999999169,-6.67573356628418,-6.75654323778047,0.30987713844012044,0.3838942050933838
NIR,M4_002,Lab_a,1.5999999999999162,-6.647394180297852,-6.805860661394369,0.2586236388238542,0.506154477596283
NIR,M4_002,Lab_a,1.7999999999999154,-6.619287014007568,-6.8591742242821,0.20321712171946046,0.5205220580101013
NIR,M4_002,Lab_a,1.9999999999999147,-6.9240007400512695,-6.914194915530741,0.1460364587578983,0.7455679774284363
NIR,M4_002,Lab_a,2.199999999999914,-7.182197570800781,-6.967439104572371,0.0907020389394938,0.7618496417999268
NIR,M4_002,Lab_a,2.3999999999999133,-7.171337604522705,-7.014922898145896,0.04135415299247447,0.881494402885437
NIR,M4_002,Lab_a,2.5999999999999126,-7.132282733917236,-7.053000811265181,0.0017813983261602009,0.7535814642906189
NIR,M4_002,Lab_a,2.799999999999912,-7.253628730773926,-7.079101067108154,-0.025343486852457756,0.6582398414611816
NIR,M4_002,Lab_a,2.999999999999911,-7.209872722625732,-7.092211693865682,-0.038968803307484125,0.7099515199661255
NIR,M4_002,Lab_a,3.1999999999999105,-7.192227363586426,-7.092995293850015,-0.039783165424425296,0.6889359951019287
NIR,M4_002,Lab_a,3.3999999999999098,-7.107821464538574,-7.083585894884789,-0.03000437750498518,0.6527649760246277
NIR,M4_002,Lab_a,3.599999999999909,-7.158696174621582,-7.06716305243929,-0.012936816239656944,0.4610413610935211
NIR,M4_002,Lab_a,3.7999999999999083,-7.067439079284668,-7.04736259379941,0.007640957799110386,0.4022098481655121
NIR,M4_002,Lab_a,3.9999999999999076,-6.926805019378662,-7.027635557717048,0.028142426898410372,0.4981757700443268
NIR,M4_002,Lab_a,4.199999999999907,-6.853754997253418,-7.010645108427892,0.04579987780135101,0.46197274327278137
NIR,M4_002,Lab_a,4.399999999999906,-6.867266654968262,-6.997856872601927,0.05909014708082887,0.46951693296432495
NIR,M4_002,Lab_a,4.5999999999999055,-6.966873645782471,-6.989383723012544,0.0678959308668582,0.49473610520362854
NIR,M4_002,Lab_a,4.799999999999905,-7.003598213195801,-6.984167278497621,0.0733171596609056,0.3384399116039276
NIR,M4_002,Lab_a,4.999999999999904,-7.065008163452148,-6.980448241140397,0.07718219691941329,0.35071659088134766
NIR,M4_002,Lab_a,5.199999999999903,-6.994555950164795,-6.9763709538347225,0.08141954810371,0.21927855908870697
NIR,M4_002,Lab_a,5.399999999999903,-6.974958419799805,-6.97059689620712,0.08742028047605635,0.29715508222579956
NIR,M4_002,Lab_a,5.599999999999902,-7.1196370124816895,-6.962751060816091,0.09557412331163502,0.30860036611557007
NIR,M4_002,Lab_a,5.799999999999901,-6.947336196899414,-6.953634131440136,0.10504896003324192,0.33471837639808655
NIR,M4_002,Lab_a,5.9999999999999005,-6.860946178436279,-6.945202066059038,0.1138120467499745,0.31770312786102295
NIR,M4_002,Lab_a,6.1999999999999,-6.945265293121338,-6.940316036264001,0.11888988958672893,0.3577442169189453
NIR,M4_002,Lab_a,6.399999999999899,-6.90159797668457,-6.94225487775391,0.11687493413534482,0.367868572473526
NIR,M4_002,Lab_a,6.599999999999898,-6.832267761230469,-6.954079215838891,0.1045864027585681,0.3313342332839966
NIR,M4_002,Lab_a,6.799999999999898,-6.811511516571045,-6.977872236354163,0.0798593290696324,0.3370150625705719
NIR,M4_002,Lab_a,6.999999999999897,-6.847723484039307,-7.014095799101599,0.042213721831295875,0.33781009912490845
NIR,M4_002,Lab_a,7.199999999999896,-6.745483875274658,-7.06121180855016,-0.006751941726020365,0.31018832325935364
NIR,M4_002,Lab_a,7.3999999999998956,-7.048845291137695,-7.115794442470534,-0.06347735034822306,0.48322394490242004
NIR,M4_002,Lab_a,7.599999999999895,-7.33241081237793,-7.173222400906561,-0.12315978365429602,0.6779401898384094
NIR,M4_002,Lab_a,7.799999999999894,-7.437090873718262,-7.228782740880453,-0.18090128057079205,0.6794170141220093
NIR,M4_002,Lab_a,7.999999999999893,-7.526393413543701,-7.278849993704589,-0.23293404577562665,0.7456614375114441
NIR,M4_002,Lab_a,8.199999999999893,-7.471208095550537,-7.321740479993119,-0.2775083029335193,0.7131294012069702
NIR,M4_002,Lab_a,8.399999999999892,-7.345411777496338,-7.357949132156654,-0.3151384142365404,0.6509658694267273
NIR,M4_002,Lab_a,8.599999999999891,-7.3382110595703125,-7.389704679941028,-0.3481406036640115,0.601635217666626
NIR,M4_002,Lab_a,8.79999999999989,-7.345550537109375,-7.419988749191218,-0.3796135480709488,0.6565737128257751
NIR,M4_002,Lab_a,8.99999999999989,-7.323118686676025,-7.4514352949687375,-0.41229460486254366,0.6101740002632141
NIR,M4_002,Lab_a,9.19999999999989,-7.380061149597168,-7.4854182601806905,-0.44761165443282075,0.6781353950500488
NIR,M4_002,Lab_a,9.399999999999888,-7.43095064163208,-7.521626717899069,-0.4852415636572651,0.6284078359603882
NIR,M4_002,Lab_a,9.599999999999888,-7.696957588195801,-7.558157921154399,-0.5232068885835488,0.5932324528694153
NIR,M4_002,Lab_a,9.799999999999887,-7.644353866577148,-7.592015095598531,-0.5583932091619639,0.4489545524120331
NIR,M4_002,Lab_a,9.999999999999886,-7.649189472198486,-7.61984043628471,-0.5873109016056466,0.45489704608917236
NIR,M4_002,Lab_a,10.19999999999989,-7.84691047668457,-7.638631350172343,-0.606839498745455,0.45886895060539246
NIR,M4_002,Lab_a,10.399999999999885,-7.799038887023926,-7.6463128575830845,-0.6148225625042405,0.4043494164943695
NIR,M4_002,Lab_a,10.59999999999988,-7.672877788543701,-7.642013171459575,-0.6103540816929425,0.5186606049537659
NIR,M4_002,Lab_a,10.799999999999883,-7.7070536613464355,-7.626148409057364,-0.5938665092670234,0.4872969388961792
NIR,M4_002,Lab_a,10.999999999999886,-7.757127285003662,-7.600201139655024,-0.566900616385685,0.45887771248817444
NIR,M4_002,Lab_a,11.199999999999882,-7.668338298797607,-7.566365705843295,-0.5317368899213347,0.466560959815979
NIR,M4_002,Lab_a,11.399999999999878,-7.339678764343262,-7.527088142418152,-0.49091738974429977,0.5420671105384827
NIR,M4_002,Lab_a,11.59999999999988,-7.476627826690674,-7.484596480339919,-0.4467576136158593,0.46969059109687805
NIR,M4_002,Lab_a,11.799999999999883,-7.477184772491455,-7.4405650345977214,-0.40099760585228783,0.5778161883354187
NIR,M4_002,Lab_a,11.99999999999988,-7.3796844482421875,-7.395943642073222,-0.3546244915035659,0.5463525652885437
NIR,M4_002,Lab_a,12.199999999999875,-7.302088737487793,-7.3510217134890805,-0.30793904281763,0.598810076713562
NIR,M4_002,Lab_a,12.399999999999878,-7.315464496612549,-7.3057267915828294,-0.26086595804507945,0.6350128650665283
NIR,M4_002,Lab_a,12.59999999999988,-7.351037979125977,-7.2600444836259435,-0.2133902794356528,0.6892910003662109
NIR,M4_002,Lab_a,12.799999999999876,-7.241696357727051,-7.21445112668738,-0.16600704383418127,0.6710749864578247
NIR,M4_002,Lab_a,12.999999999999872,-7.198613166809082,-7.170223787454878,-0.12004345230255332,0.6369878649711609
NIR,M4_002,Lab_a,13.199999999999875,-7.0440897941589355,-7.129464141601336,-0.07768368692898378,0.5726258754730225
NIR,M4_002,Lab_a,13.399999999999878,-7.165307521820068,-7.094790204436157,-0.04164853961262861,0.2993810176849365
NIR,M4_002,Lab_a,13.599999999999874,-6.870671272277832,-7.068731101566156,-0.01456642296752055,0.25828495621681213
NIR,M4_002,Lab_a,13.79999999999987,-6.903203010559082,-7.052927115486681,0.0018579872125677372,0.23716530203819275
NIR,M4_002,Lab_a,13.999999999999872,-6.775242328643799,-7.047461329609112,0.007538345873875434,0.3476903736591339
NIR,M4_002,Lab_a,14.199999999999875,-6.894099235534668,-7.050581430912228,0.00429575736815905,0.42871496081352234
NIR,M4_002,Lab_a,14.39999999999987,-7.132731914520264,-7.058996696240164,-0.004449869768263116,0.6450114250183105
NIR,M4_002,Lab_a,14.599999999999866,-7.109118461608887,-7.0687446197914205,-0.014580471883758186,0.6214958429336548
NIR,M4_002,Lab_a,14.79999999999987,-7.331165790557861,-7.076328475100999,-0.022462049969474287,0.5495022535324097
NIR,M4_002,Lab_a,14.999999999999872,-7.413685321807861,-7.079748967188042,-0.02601682183353632,0.6294326186180115
NIR,M4_002,Lab_a,15.199999999999868,-7.09333610534668,-7.0789751799638605,-0.025212657700629693,0.5999552607536316
NIR,M4_002,Lab_a,15.399999999999864,-6.924929618835449,-7.0757197792410995,-0.02182945826586035,0.5070381164550781
NIR,M4_002,Lab_a,15.599999999999866,-6.87196159362793,-7.072635243495652,-0.018623831530705955,0.52220219373703
NIR,M4_002,Lab_a,15.79999999999987,-6.946918964385986,-7.072297832643713,-0.018273174791096497,0.5635725259780884
NIR,M4_002,Lab_a,15.999999999999865,-7.008782863616943,-7.076356177734333,-0.022490840137388727,0.5656463503837585
NIR,M4_002,Lab_a,16.19999999999986,-7.1666717529296875,-7.08513252356534,-0.03161172287455979,0.47395649552345276
NIR,M4_002,Lab_a,16.399999999999864,-7.097018241882324,-7.09769271319041,-0.04466499344215144,0.49108850955963135
NIR,M4_002,Lab_a,16.599999999999866,-7.111050605773926,-7.112202253335944,-0.05974414104936224,0.5013227462768555
NIR,M4_002,Lab_a,16.799999999999862,-7.087308883666992,-7.126396414883297,-0.07449552910069293,0.38499152660369873
NIR,M4_002,Lab_a,16.999999999999858,-7.171384811401367,-7.137927886016028,-0.08647969631720251,0.5365033745765686
NIR,M4_002,Lab_a,17.19999999999986,-7.260904312133789,-7.144630124584584,-0.09344504764193773,0.3999737799167633
NIR,M4_002,Lab_a,17.399999999999864,-7.192705154418945,-7.14466662167828,-0.09348297751825116,0.4387880861759186
NIR,M4_002,Lab_a,17.59999999999986,-7.19306755065918,-7.136674605210697,-0.08517721491067155,0.3138239085674286
NIR,M4_002,Lab_a,17.799999999999855,-7.2351908683776855,-7.119925520551261,-0.06777060399591826,0.41477546095848083
NIR,M4_002,Lab_a,17.999999999999858,-7.168766498565674,-7.094476743048193,-0.04132277253173877,0.47093018889427185
NIR,M4_002,Lab_a,18.19999999999986,-7.137047290802002,-7.061322518396265,-0.006866997757723776,0.44793838262557983
NIR,M4_002,Lab_a,18.399999999999856,-7.101001262664795,-7.022444478928971,0.03353729417200618,0.45702672004699707
NIR,M4_002,Lab_a,18.599999999999852,-6.961465358734131,-6.980722601311594,0.07689706606912289,0.42642247676849365
NIR,M4_002,Lab_a,18.799999999999855,-6.947887897491455,-6.939721951290265,0.11950729681813238,0.38665446639060974
NIR,M4_002,Lab_a,18.999999999999858,-6.797691822052002,-6.9033084998532095,0.1573502472907128,0.3313419818878174
NIR,M4_002,Lab_a,19.199999999999854,-6.737493515014648,-6.875177265496129,0.1865858420089937,0.38244739174842834
NIR,M4_002,Lab_a,19.39999999999985,-6.746641635894775,-6.858364423346129,0.20405871337043535,0.31855764985084534
NIR,M4_002,Lab_a,19.599999999999852,-6.68635892868042,-6.854851755239611,0.2077092798489065,0.3375614285469055
NIR,M4_002,Lab_a,19.799999999999855,-6.684207439422607,-6.865315313409302,0.1968349491289239,0.4081612825393677
NIR,M4_002,Lab_a,19.99999999999985,-6.8232574462890625,-6.889092770974213,0.1721240493520039,0.4151451885700226
NIR,M4_002,Lab_a,20.199999999999847,-6.864230632781982,-6.924323945662273,0.13550978879184364,0.4830474853515625
NIR,M4_002,Lab_a,20.39999999999985,-6.968550205230713,-6.968241281587959,0.08986837050453042,0.5409168004989624
NIR,M4_002,Lab_a,20.599999999999852,-6.97189474105835,-7.017534797467714,0.03863971717894612,0.49692320823669434
NIR,M4_002,Lab_a,20.799999999999848,-7.038693428039551,-7.068738951767962,-0.014574581348185326,0.5413249731063843
NIR,M4_002,Lab_a,20.999999999999844,-7.191936016082764,-7.118617167992689,-0.06641088885986979,0.5735767483711243
NIR,M4_002,Lab_a,21.199999999999847,-7.281773567199707,-7.164490279545993,-0.1140848615272421,0.6041467189788818
NIR,M4_002,Lab_a,21.39999999999985,-7.333944797515869,-7.204468318443258,-0.15563233605311258,0.594260573387146
NIR,M4_002,Lab_a,21.599999999999845,-7.273569107055664,-7.2375603850277,-0.19002351259277975,0.5090177655220032
NIR,M4_002,Lab_a,21.79999999999984,-7.290538311004639,-7.263630312695765,-0.21711687898985815,0.49775972962379456
NIR,M4_002,Lab_a,21.999999999999844,-7.323213577270508,-7.283216404123882,-0.23747187030802255,0.622836709022522
UV,M4_005,Lab_a,-22.0,5.524075031280518,5.53561757946108,-0.00520860875071037,0.7629958391189575
UV,M4_005,Lab_a,-21.8,5.568979263305664,5.530803640590886,-0.0058275295022464195,0.8309914469718933
UV,M4_005,Lab_a,-21.6,5.601154804229736,5.519928246331912,-0.007225762294459423,0.8283036351203918
UV,M4_005,Lab_a,-21.400000000000002,5.603872299194336,5.501003844847203,-0.00965884362455395,0.790421724319458
UV,M4_005,Lab_a,-21.200000000000003,5.583280563354492,5.4723965774682775,-0.013336836200484191,0.7672815322875977
UV,M4_005,Lab_a,-21.000000000000004,5.535974502563477,5.433141042822392,-0.01838386019894216,0.7603586316108704
UV,M4_005,Lab_a,-20.800000000000004,5.478793621063232,5.383182694871584,-0.024806928520531506,0.7938916087150574
UV,M4_005,Lab_a,-20.600000000000005,5.403492450714111,5.323502590285872,-0.03247990821095431,0.8562367558479309
UV,M4_005,Lab_a,-20.400000000000006,5.320919513702393,5.256096273983367,-0.04114623511479763,0.9689900279045105
UV,M4_005,Lab_a,-20.200000000000006,5.22501802444458,5.183797096842296,-0.05044162964683958,1.1166123151779175
UV,M4_005,Lab_a,-20.000000000000007,5.096568584442139,5.109957288884226,-0.05993510072468071,1.2635082006454468
UV,M4_005,Lab_a,-19.800000000000008,4.95491361618042,5.038028926803095,-0.06918282013209659,1.3919204473495483
UV,M4_005,Lab_a,-19.60000000000001,4.853268146514893,4.971119637635693,-0.07778524501801098,1.4840781688690186
UV,M4_005,Lab_a,-19.40000000000001,4.79289436340332,4.911617198014272,-0.0854353825959381,1.5517045259475708
UV,M4_005,Lab_a,-19.20000000000001,4.7655744552612305,4.860967827934701,-0.09194729457483068,1.6214591264724731
UV,M4_005,Lab_a,-19.00000000000001,4.763914585113525,4.819649142452992,-0.09725957471805323,1.6712429523468018
UV,M4_005,Lab_a,-18.80000000000001,4.746302604675293,4.787320270823734,-0.10141604825555045,1.6802700757980347
UV,M4_005,Lab_a,-18.600000000000012,4.726017475128174,4.763084417787519,-0.10453201478104263,1.6922134160995483
UV,M4_005,Lab_a,-18.400000000000013,4.704046726226807,4.7457838614026375,-0.10675632083237609,1.6987075805664062
UV,M4_005,Lab_a,-18.200000000000014,4.700078964233398,4.734258920564274,-0.10823806483399866,1.6504759788513184
UV,M4_005,Lab_a,-18.000000000000014,4.707711219787598,4.727551725787297,-0.10910039859934158,1.591073751449585
UV,M4_005,Lab_a,-17.800000000000015,4.710251331329346,4.7250630843317944,-0.10942035942175252,1.5552138090133667
UV,M4_005,Lab_a,-17.600000000000016,4.712033271789551,4.726674606959605,-0.10921316842435587,1.5292916297912598
UV,M4_005,Lab_a,-17.400000000000016,4.720487594604492,4.732840125600761,-0.1084204771306171,1.5327839851379395
UV,M4_005,Lab_a,-17.200000000000017,4.725609302520752,4.7446181770617315,-0.10690619108369862,1.5591418743133545
UV,M4_005,Lab_a,-17.000000000000018,4.722488880157471,4.763605414222506,-0.10446503106691901,1.5674940347671509
UV,M4_005,Lab_a,-16.80000000000002,4.712273597717285,4.791741766830286,-0.10084758328225546,1.561280608177185
UV,M4_005,Lab_a,-16.60000000000002,4.70570182800293,4.831000620083973,-0.09580013261547252,1.5715885162353516
UV,M4_005,Lab_a,-16.40000000000002,4.721161842346191,4.883025118571304,-0.0891114224821915,1.5741968154907227
UV,M4_005,Lab_a,-16.20000000000002,4.79120397567749,4.948799740322464,-0.08065488004907516,1.5735665559768677
UV,M4_005,Lab_a,-16.00000000000002,4.917016983032227,5.028447693304442,-0.07041466465641005,1.580456018447876
UV,M4_005,Lab_a,-15.800000000000022,5.050539970397949,5.121201604588675,-0.058489436266954645,1.5654933452606201
UV,M4_005,Lab_a,-15.600000000000023,5.171683311462402,5.225538691717226,-0.04507497669030517,1.5101183652877808
UV,M4_005,Lab_a,-15.400000000000023,5.294756889343262,5.3394222881492714,-0.030433137025959185,1.3876782655715942
UV,M4_005,Lab_a,-15.200000000000024,5.4208903312683105,5.460582354924332,-0.014855772708171379,1.2002261877059937
UV,M4_005,Lab_a,-15.000000000000025,5.555341720581055,5.586767494408949,0.0013676575156831466,1.0308380126953125
UV,M4_005,Lab_a,-14.800000000000026,5.728244304656982,5.715926067677626,0.017973377569528447,0.886025607585907
UV,M4_005,Lab_a,-14.600000000000026,5.888463020324707,5.846299507752399,0.034735291188959155,0.7786077260971069
UV,M4_005,Lab_a,-14.400000000000027,6.00577974319458,5.9764214021197235,0.05146486396184023,0.6977736949920654
UV,M4_005,Lab_a,-14.200000000000028,6.106979846954346,6.105036795441066,0.06800074820133718,0.6442893743515015
UV,M4_005,Lab_a,-14.000000000000028,6.227652072906494,6.230979027374053,0.08419294817311276,0.6068258285522461
UV,M4_005,Lab_a,-13.80000000000003,6.358014106750488,6.35306245038862,0.09988902698917333,0.6049784421920776
UV,M4_005,Lab_a,-13.60000000000003,6.498157978057861,6.47005156787594,0.11493013874177574,0.6123305559158325
UV,M4_005,Lab_a,-13.40000000000003,6.668972969055176,6.580739678067305,0.1291611396316931,0.595537006855011
UV,M4_005,Lab_a,-13.200000000000031,6.795783519744873,6.6841269917667425,0.1424534882924406,0.5837332010269165
UV,M4_005,Lab_a,-13.000000000000032,6.868969917297363,6.779634879999522,0.15473279128248152,0.5765666961669922
UV,M4_005,Lab_a,-12.800000000000033,6.926368236541748,6.867282377409311,0.16600149585681478,0.5806232690811157
UV,M4_005,Lab_a,-12.600000000000033,6.9987592697143555,6.94776576877291,0.1763491222833457,0.593349277973175
UV,M4_005,Lab_a,-12.400000000000034,7.050668239593506,7.022426251664842,0.18594810628117384,0.589641273021698
UV,M4_005,Lab_a,-12.200000000000035,7.0950469970703125,7.09313162550948,0.1950385879631303,0.5337749719619751
UV,M4_005,Lab_a,-12.000000000000036,7.1675944328308105,7.162113617394352,0.20390749706461092,0.4911509156227112
UV,M4_005,Lab_a,-11.800000000000036,7.2199201583862305,7.231786256620395,0.21286520163752765,0.46188732981681824
UV,M4_005,Lab_a,-11.600000000000037,7.263684272766113,7.304544901244934,0.22221966920058275,0.46222129464149475
UV,M4_005,Lab_a,-11.400000000000038,7.319248676300049,7.382532389438083,0.23224640117712803,0.496124804019928
UV,M4_005,Lab_a,-11.200000000000038,7.385229110717773,7.467360627181801,0.243152637851816,0.5396444201469421
UV,M4_005,Lab_a,-11.000000000000039,7.454571723937988,7.559813538938174,0.25503916719273373,0.5846147537231445
UV,M4_005,Lab_a,-10.80000000000004,7.551281452178955,7.659593202287272,0.26786768577039977,0.6619645357131958
UV,M4_005,Lab_a,-10.60000000000004,7.696946620941162,7.765197995077555,0.28144513232341983,0.7254109978675842
UV,M4_005,Lab_a,-10.400000000000041,7.850275039672852,7.87400784484285,0.29543464814553094,0.7589788436889648
UV,M4_005,Lab_a,-10.200000000000042,8.025429725646973,7.9826072161011385,0.30939710306818924,0.7912931442260742
UV,M4_005,Lab_a,-10.000000000000043,8.1883544921875,8.087314560956404,0.32285916611398524,0.7977306246757507
UV,M4_005,Lab_a,-9.800000000000043,8.320103645324707,8.184816668236403,0.3353948627942482,0.7863171100616455
UV,M4_005,Lab_a,-9.600000000000044,8.4113130569458,8.272777961903364,0.34670391167301795,0.8088325262069702
UV,M4_005,Lab_a,-9.400000000000045,8.475879669189453,8.350295934483537,0.35667027874592055,0.8388645052909851
UV,M4_005,Lab_a,-9.200000000000045,8.511847496032715,8.41811167921923,0.3653892452366805,0.8439707159996033
UV,M4_005,Lab_a,-9.000000000000046,8.527094841003418,8.47853648116796,0.37315796952711067,0.8691841959953308
UV,M4_005,Lab_a,-8.800000000000047,8.541910171508789,8.535119810855857,0.38043280160935317,0.8985544443130493
UV,M4_005,Lab_a,-8.600000000000048,8.547689437866211,8.592127648286898,0.38776221200231054,0.9030491709709167
UV,M4_005,Lab_a,-8.400000000000048,8.546550750732422,8.65392671292388,0.39570762314289726,0.9230852723121643
UV,M4_005,Lab_a,-8.200000000000049,8.567591667175293,8.724388835527158,0.4047668303851123,0.9540888071060181
UV,M4_005,Lab_a,-8.00000000000005,8.655455589294434,8.80641669993839,0.4153130273471536,0.9535204768180847
UV,M4_005,Lab_a,-7.8000000000000504,8.776141166687012,8.90165342343742,0.42755746710246556,0.9751164317131042
UV,M4_005,Lab_a,-7.600000000000051,8.905481338500977,9.010393805195896,0.4415380515292792,0.9843448996543884
UV,M4_005,Lab_a,-7.400000000000052,9.057043075561523,9.131663358213823,0.45712949232571465,0.9864140748977661
UV,M4_005,Lab_a,-7.200000000000053,9.205913543701172,9.263402700360764,0.4740670178836901,0.9275906682014465
UV,M4_005,Lab_a,-7.000000000000053,9.348319053649902,9.402691415142353,0.49197515472499354,0.8301593065261841
UV,M4_005,Lab_a,-6.800000000000054,9.51761531829834,9.545980654903095,0.5103976329390066,0.7697221636772156
UV,M4_005,Lab_a,-6.600000000000055,9.714158058166504,9.689326857505842,0.5288274347784195,0.7337193489074707
UV,M4_005,Lab_a,-6.400000000000055,9.904863357543945,9.828643199815657,0.5467391236487358,0.7272541522979736
UV,M4_005,Lab_a,-6.200000000000056,10.075864791870117,9.959984595823611,0.5636254858807833,0.7441582679748535
UV,M4_005,Lab_a,-6.000000000000057,10.21444034576416,10.079863578382131,0.5790381431618882,0.7207400798797607
UV,M4_005,Lab_a,-5.8000000000000576,10.323781967163086,10.185580072484154,0.5926299509815702,0.6800963878631592
UV,M4_005,Lab_a,-5.600000000000058,10.418499946594238,10.275536970486375,0.6041955716549249,0.6408159136772156
UV,M4_005,Lab_a,-5.400000000000059,10.506667137145996,10.349510034080263,0.6137061752058802,0.6155139803886414
UV,M4_005,Lab_a,-5.20000000000006,10.552436828613281,10.40883709625908,0.6213337647744733,0.6214706897735596
UV,M4_005,Lab_a,-5.00000000000006,10.56682300567627,10.456485357325295,0.6274598287615086,0.618100643157959
UV,M4_005,Lab_a,-4.800000000000061,10.54306697845459,10.496960506403397,0.6326636567205747,0.599295437335968
UV,M4_005,Lab_a,-4.600000000000062,10.506333351135254,10.536025798621427,0.6376862215412995,0.6024476289749146
UV,M4_005,Lab_a,-4.4000000000000625,10.474896430969238,10.580223685070838,0.6433686761455619,0.6177319288253784
UV,M4_005,Lab_a,-4.200000000000063,10.473952293395996,10.636232467465117,0.6505696395617605,0.6472923159599304
UV,M4_005,Lab_a,-4.000000000000064,10.495621681213379,10.710123944714034,0.6600697536812324,0.674738347530365
UV,M4_005,Lab_a,-3.8000000000000647,10.54763412475586,10.806611348700898,0.6724749915123683,0.7127858400344849
UV,M4_005,Lab_a,-3.6000000000000654,10.651656150817871,10.928402454029648,0.6881334874910329,0.7629445195198059
UV,M4_005,Lab_a,-3.400000000000066,10.80703353881836,11.075766690240902,0.70707988176083,0.7980285286903381
UV,M4_005,Lab_a,-3.200000000000067,11.038352012634277,11.246402099858958,0.7290182151728625,0.6768332719802856
UV,M4_005,Lab_a,-3.0000000000000675,11.316900253295898,11.435647035022978,0.7533491467975458,0.5197689533233643
UV,M4_005,Lab_a,-2.800000000000068,11.61679458618164,11.637020075065127,0.7792393703011427,0.38448089361190796
UV,M4_005,Lab_a,-2.600000000000069,11.9107084274292,11.843006404748529,0.805722717392057,0.3277846872806549
UV,M4_005,Lab_a,-2.4000000000000696,12.1709566116333,12.045963455554828,0.8318165947348537,0.38188886642456055
UV,M4_005,Lab_a,-2.2000000000000703,12.415253639221191,12.239002465748701,0.8566353247782913,0.4542602598667145
UV,M4_005,Lab_a,-2.000000000000071,12.614581108093262,12.416709928108233,0.879482901185651,0.5224623084068298
UV,M4_005,Lab_a,-1.8000000000000718,12.788464546203613,12.575605601619626,0.8999118746972166,0.6102061867713928
UV,M4_005,Lab_a,-1.6000000000000725,12.926684379577637,12.71428295463876,0.9177414096925718,0.6849269866943359
UV,M4_005,Lab_a,-1.4000000000000732,13.000458717346191,12.833222274505495,0.9330332559797958,0.6869603991508484
UV,M4_005,Lab_a,-1.200000000000074,13.025310516357422,12.934324436964406,0.9460318062435763,0.6359225511550903
UV,M4_005,Lab_a,-1.0000000000000746,13.058581352233887,13.020266566536856,0.9570812542855787,0.5749279260635376
UV,M4_005,Lab_a,-0.8000000000000753,13.097591400146484,13.093821805028742,0.9665381387027614,0.5522922277450562
UV,M4_005,Lab_a,-0.600000000000076,13.161391258239746,13.157288292864475,0.9746979278915798,0.5333566665649414
UV,M4_005,Lab_a,-0.40000000000007674,13.250714302062988,13.212139220982,0.9817500277558178,0.5149739980697632
UV,M4_005,Lab_a,-0.20000000000007745,13.324929237365723,13.258933796068735,0.9877663346432632,0.516062319278717
UV,M4_005,Lab_a,-7.815970093361102e-14,13.371047019958496,13.297442797924035,0.9927173780636012,0.5309136509895325
UV,M4_005,Lab_a,0.19999999999992113,13.40570068359375,13.326889543978234,0.9965033011277676,0.5660704970359802
UV,M4_005,Lab_a,0.3999999999999204,13.437511444091797,13.346186810043685,0.9989843210862404,0.6216655373573303
UV,M4_005,Lab_a,0.5999999999999197,13.440600395202637,13.354086716761064,1.0,0.6896843910217285
UV,M4_005,Lab_a,0.799999999999919,13.431763648986816,13.34921449761163,0.9993735862421755,0.7758007049560547
UV,M4_005,Lab_a,0.9999999999999183,13.422506332397461,13.330022576120477,0.9969061102743626,0.8489379286766052
UV,M4_005,Lab_a,1.1999999999999176,13.403220176696777,13.294742372081709,0.9923701884467683,0.8711893558502197
UV,M4_005,Lab_a,1.3999999999999169,13.370144844055176,13.24141076543573,0.985513425418404,0.8669400811195374
UV,M4_005,Lab_a,1.5999999999999162,13.332468032836914,13.168034091342339,0.976079498752596,0.8745585680007935
UV,M4_005,Lab_a,1.7999999999999154,13.271862030029297,13.072897875849385,0.9638479811577713,0.8960311412811279
UV,M4_005,Lab_a,1.9999999999999147,13.168347358703613,12.954978182385796,0.9486872266763922,0.9105217456817627
UV,M4_005,Lab_a,2.199999999999914,13.027471542358398,12.81436324645853,0.9306085796125209,0.9471580386161804
UV,M4_005,Lab_a,2.3999999999999133,12.849111557006836,12.652575068927721,0.9098077212869202,0.9786708354949951
UV,M4_005,Lab_a,2.5999999999999126,12.618796348571777,12.472679681932291,0.8866788467583198,0.9816004633903503
UV,M4_005,Lab_a,2.799999999999912,12.357678413391113,12.279127837757493,0.8617941824349823,0.9861955642700195
UV,M4_005,Lab_a,2.999999999999911,12.07696533203125,12.077329189003432,0.8358492390708017,1.0007433891296387
UV,M4_005,Lab_a,3.1999999999999105,11.797553062438965,11.873034765834085,0.8095834178104895,1.0208674669265747
UV,M4_005,Lab_a,3.3999999999999098,11.54055404663086,11.671654967685514,0.7836923254274952,1.0343273878097534
UV,M4_005,Lab_a,3.599999999999909,11.345305442810059,11.47765335545742,0.7587498351140344,1.0379530191421509
UV,M4_005,Lab_a,3.7999999999999083,11.178119659423828,11.294133366573348,0.7351549510690216,1.0424749851226807
UV,M4_005,Lab_a,3.9999999999999076,11.006857872009277,11.122677321963469,0.7131111098722889,1.0215389728546143
UV,M4_005,Lab_a,4.199999999999907,10.857171058654785,10.963444377008132,0.6926387738874585,0.9725104570388794
UV,M4_005,Lab_a,4.399999999999906,10.731474876403809,10.81547877854936,0.6736150633940419,0.8909028768539429
UV,M4_005,Lab_a,4.5999999999999055,10.631114959716797,10.677141111008101,0.6558292012405986,0.7861624360084534
UV,M4_005,Lab_a,4.799999999999905,10.542511940002441,10.546553242209669,0.6390397188484069,0.6950263977050781
UV,M4_005,Lab_a,4.999999999999904,10.451630592346191,10.421953290453628,0.6230200937842669,0.6098283529281616
UV,M4_005,Lab_a,5.199999999999903,10.306830406188965,10.301871922528624,0.6075814161263975,0.5246838927268982
UV,M4_005,Lab_a,5.399999999999903,10.144367218017578,10.18509772919898,0.5925679368437492,0.5024858117103577
UV,M4_005,Lab_a,5.599999999999902,10.001976013183594,10.070478084423744,0.5778314645706356,0.5054288506507874
UV,M4_005,Lab_a,5.799999999999901,9.908490180969238,9.956657025156563,0.5631976652138466,0.5127273797988892
UV,M4_005,Lab_a,5.9999999999999005,9.846063613891602,9.841879928658862,0.5484409496137972,0.5243890881538391
UV,M4_005,Lab_a,6.1999999999999,9.78366756439209,9.723976325381072,0.5332822638229759,0.5598986148834229
UV,M4_005,Lab_a,6.399999999999899,9.694174766540527,9.600564814187143,0.5174154347426846,0.59337317943573
UV,M4_005,Lab_a,6.599999999999898,9.55733871459961,9.469453735068821,0.5005586840005763,0.6302947998046875
UV,M4_005,Lab_a,6.799999999999898,9.4237699508667,9.329152594148477,0.4825203810803987,0.702098548412323
UV,M4_005,Lab_a,6.999999999999897,9.300472259521484,9.179376716128186,0.4632639257148684,0.8045970797538757
UV,M4_005,Lab_a,7.199999999999896,9.14523696899414,9.021415460211129,0.44295508884303375,0.8687725067138672
UV,M4_005,Lab_a,7.3999999999998956,8.940110206604004,8.858248463476848,0.4219769578430897,0.9201553463935852
UV,M4_005,Lab_a,7.599999999999895,8.707174301147461,8.69433727012266,0.40090314662291365,0.9661322832107544
UV,M4_005,Lab_a,7.799999999999894,8.424479484558105,8.535081720545612,0.38042790439647234,0.960430920124054
UV,M4_005,Lab_a,7.999999999999893,8.169656753540039,8.38602805912752,0.36126430331394355,0.91862553358078
UV,M4_005,Lab_a,8.199999999999893,8.016777038574219,8.251998917691463,0.34403238176650897,0.8893793821334839
UV,M4_005,Lab_a,8.399999999999892,7.916437149047852,8.136354996547475,0.3291642198485904,0.8700535297393799
UV,M4_005,Lab_a,8.599999999999891,7.8534088134765625,8.040565422598618,0.31684870095722784,0.832227349281311
UV,M4_005,Lab_a,8.79999999999989,7.826906204223633,7.964182824884192,0.30702830729282327,0.7424356341362
UV,M4_005,Lab_a,8.99999999999989,7.8108296394348145,7.9051983491646975,0.29944476354088634,0.646664559841156
UV,M4_005,Lab_a,9.19999999999989,7.803081035614014,7.860660329256537,0.2937185784984965,0.5995547771453857
UV,M4_005,Lab_a,9.399999999999888,7.80640983581543,7.827381697813419,0.28943999579558954,0.6234756708145142
UV,M4_005,Lab_a,9.599999999999888,7.808212757110596,7.802561933730614,0.28624895672066725,0.7137835025787354
UV,M4_005,Lab_a,9.799999999999887,7.800882339477539,7.7841791103173605,0.2838855052541916,0.8248132467269897
UV,M4_005,Lab_a,9.999999999999886,7.769725322723389,7.771066462560596,0.282199632204475,0.89548259973526
UV,M4_005,Lab_a,10.19999999999989,7.726748943328857,7.762668570416635,0.2811199280667178,0.9355823397636414
UV,M4_005,Lab_a,10.399999999999885,7.672074794769287,7.7585560456461415,0.28059118705228075,0.9469722509384155
UV,M4_005,Lab_a,10.59999999999988,7.652351379394531,7.757855668793807,0.2805011406724879,0.9298774003982544
UV,M4_005,Lab_a,10.799999999999883,7.689284801483154,7.758796165449665,0.28062205888785297,0.9231519103050232
UV,M4_005,Lab_a,10.999999999999886,7.762136459350586,7.758547264156871,0.2805900580296476,0.9531424641609192
UV,M4_005,Lab_a,11.199999999999882,7.838201522827148,7.753443581381618,0.2799338853477678,0.9999141693115234
UV,M4_005,Lab_a,11.399999999999878,7.896324634552002,7.739566476948203,0.278149727273337,1.0566949844360352
UV,M4_005,Lab_a,11.59999999999988,7.90971040725708,7.713532765657816,0.2748026128642029,1.11050283908844
UV,M4_005,Lab_a,11.799999999999883,7.87180757522583,7.673266920774809,0.2696256948251049,1.162044644355774
UV,M4_005,Lab_a,11.99999999999988,7.775854587554932,7.618546035507675,0.26259031437107666,1.2563271522521973
UV,M4_005,Lab_a,12.199999999999875,7.658178329467773,7.551166530151201,0.2539274345095234,1.3205511569976807
UV,M4_005,Lab_a,12.399999999999878,7.51724100112915,7.4746939578128435,0.2440954729454498,1.3742302656173706
UV,M4_005,Lab_a,12.59999999999988,7.3626322746276855,7.393861658053069,0.233702987900519,1.3880962133407593
UV,M4_005,Lab_a,12.799999999999876,7.215897083282471,7.31375954320285,0.22340438161166884,1.3264836072921753
UV,M4_005,Lab_a,12.999999999999872,7.104538440704346,7.238989090817277,0.21379125900438076,1.2167659997940063
UV,M4_005,Lab_a,13.199999999999875,7.026980400085449,7.172955059167525,0.20530136463769777,1.1123762130737305
UV,M4_005,Lab_a,13.399999999999878,6.982460021972656,7.117407992756327,0.1981597633386657,1.0247547626495361
UV,M4_005,Lab_a,13.599999999999874,6.966332912445068,7.072304760238569,0.19236090977626713,0.9513141512870789
UV,M4_005,Lab_a,13.79999999999987,6.982488632202148,7.035973179148503,0.18768981401059778,0.9528834819793701
UV,M4_005,Lab_a,13.999999999999872,7.000932693481445,7.005522872080992,0.18377486464316506,0.9602765440940857
UV,M4_005,Lab_a,14.199999999999875,7.01149320602417,6.977402214629098,0.1801594347606682,0.9683628678321838
UV,M4_005,Lab_a,14.39999999999987,7.0133376121521,6.94799786879606,0.17637896302803174,1.0089510679244995
UV,M4_005,Lab_a,14.599999999999866,7.001182556152344,6.914187497750645,0.17203201537842533,1.058571457862854
UV,M4_005,Lab_a,14.79999999999987,6.96132230758667,6.873784672035344,0.16683748592340464,1.1051043272018433
UV,M4_005,Lab_a,14.999999999999872,6.9244160652160645,6.825830958480742,0.160672150377513,1.137380838394165
UV,M4_005,Lab_a,15.199999999999868,6.855118274688721,6.770719592354698,0.1535865663971889,1.147839069366455
UV,M4_005,Lab_a,15.399999999999864,6.757166862487793,6.710134578239709,0.14579724387378987,1.1515388488769531
UV,M4_005,Lab_a,15.599999999999866,6.657835006713867,6.646811140787558,0.13765584645381224,1.1762622594833374
UV,M4_005,Lab_a,15.79999999999987,6.553238391876221,6.584137429249166,0.12959798329998942,1.202882170677185
UV,M4_005,Lab_a,15.999999999999865,6.419360637664795,6.525652485120766,0.12207866356005442,1.1765977144241333
UV,M4_005,Lab_a,16.19999999999986,6.348636150360107,6.474524674214063,0.11550523917639759,1.0742173194885254
UV,M4_005,Lab_a,16.399999999999864,6.301935195922852,6.433108599482385,0.11018043784638656,1.0315803289413452
UV,M4_005,Lab_a,16.599999999999866,6.293488025665283,6.402663945204582,0.10626621524947345,1.0452078580856323
UV,M4_005,Lab_a,16.799999999999862,6.292325019836426,6.3832822064945365,0.10377433477239294,1.0889225006103516
UV,M4_005,Lab_a,16.999999999999858,6.308082103729248,6.374011504598215,0.10258241482084063,1.133695363998413
UV,M4_005,Lab_a,17.19999999999986,6.337893962860107,6.373119752232926,0.10246776358429789,1.139177680015564
UV,M4_005,Lab_a,17.399999999999864,6.371965408325195,6.378406408944493,0.1031474609450798,1.1144959926605225
UV,M4_005,Lab_a,17.59999999999986,6.3841094970703125,6.387475159617234,0.10431341633695605,1.1031378507614136
UV,M4_005,Lab_a,17.799999999999855,6.416839122772217,6.397911965949202,0.10565526055076858,1.0663104057312012
UV,M4_005,Lab_a,17.999999999999858,6.424229145050049,6.407358042729837,0.10686972818273949,1.0249148607254028
UV,M4_005,Lab_a,18.19999999999986,6.4351348876953125,6.4135130138396335,0.10766106339651717,0.9890196919441223
UV,M4_005,Lab_a,18.399999999999856,6.448184013366699,6.41413553103116,0.1077410994789048,0.9070188403129578
UV,M4_005,Lab_a,18.599999999999852,6.472271919250488,6.407097243609131,0.10683619763901232,0.8136136531829834
UV,M4_005,Lab_a,18.799999999999855,6.500514507293701,6.390518455629454,0.10470468824667886,0.7400166392326355
UV,M4_005,Lab_a,18.999999999999858,6.501284599304199,6.362960018065045,0.10116154211448987,0.6786453127861023
UV,M4_005,Lab_a,19.199999999999854,6.454755783081055,6.323606942403715,0.09610197741698852,0.616258978843689
UV,M4_005,Lab_a,19.39999999999985,6.371716499328613,6.272363254279147,0.08951365487681151,0.5705356001853943
UV,M4_005,Lab_a,19.599999999999852,6.273461818695068,6.209829954055889,0.08147384419083877,0.5838114023208618
UV,M4_005,Lab_a,19.799999999999855,6.175266742706299,6.13717087649035,0.07213217781214563,0.650295078754425
UV,M4_005,Lab_a,19.99999999999985,6.085199356079102,6.055938010430291,0.061688192571159726,0.7601099610328674
UV,M4_005,Lab_a,20.199999999999847,5.996408462524414,5.967930519293864,0.05037320415445815,0.8797420859336853
UV,M4_005,Lab_a,20.39999999999985,5.917726039886475,5.8751373797960005,0.038442932253625425,0.9204549789428711
UV,M4_005,Lab_a,20.599999999999852,5.820121765136719,5.779752641719894,0.026179462490714123,0.9198764562606812
UV,M4_005,Lab_a,20.799999999999848,5.693080425262451,5.684204007573751,0.013894920860964331,0.8909367918968201
UV,M4_005,Lab_a,20.999999999999844,5.554187297821045,5.591118493137392,0.0019270587618463282,0.8763485550880432
UV,M4_005,Lab_a,21.199999999999847,5.419372081756592,5.503181014549001,-0.009378928248727016,0.8480756878852844
UV,M4_005,Lab_a,21.39999999999985,5.313309192657471,5.422886758590453,-0.019702237825752294,0.798082709312439
UV,M4_005,Lab_a,21.599999999999845,5.240976333618164,5.352251362801635,-0.028783722536191866,0.7304537892341614
UV,M4_005,Lab_a,21.79999999999984,5.187255859375,5.2925600773976695,-0.03645813972730232,0.6490203738212585
UV,M4_005,Lab_a,21.999999999999844,5.1282429695129395,5.244231580199522,-0.042671660632539125,0.6015021800994873
NIR,M4_005,Lab_a,-22.0,-7.3178629875183105,-7.223885742195442,-0.049399412989863944,0.5659061670303345
NIR,M4_005,Lab_a,-21.8,-7.093127250671387,-7.20324523502101,-0.037046728026972335,0.47559013962745667
NIR,M4_005,Lab_a,-21.6,-7.117105484008789,-7.184299630980457,-0.02570838851007704,0.3948083221912384
NIR,M4_005,Lab_a,-21.400000000000002,-7.116790294647217,-7.168268823613577,-0.01611446179934329,0.270018994808197
NIR,M4_005,Lab_a,-21.200000000000003,-6.96830940246582,-7.15564765914656,-0.00856109757198432,0.2639314532279968
NIR,M4_005,Lab_a,-21.000000000000004,-7.160799026489258,-7.146143063434194,-0.002872900303269266,0.36351263523101807
NIR,M4_005,Lab_a,-20.800000000000004,-7.230043411254883,-7.138859966710912,0.0014858007023151227,0.4389600455760956
NIR,M4_005,Lab_a,-20.600000000000005,-7.220051288604736,-7.132651379749595,0.005201441899972503,0.519018828868866
NIR,M4_005,Lab_a,-20.400000000000006,-7.151827812194824,-7.12646709106534,0.008902541354098804,0.5298486351966858
NIR,M4_005,Lab_a,-20.200000000000006,-7.134724140167236,-7.119579508131686,0.01302453997633263,0.5841931104660034
NIR,M4_005,Lab_a,-20.000000000000007,-6.944287300109863,-7.111683665612597,0.017749949789698283,0.5445173382759094
NIR,M4_005,Lab_a,-19.800000000000008,-7.103491306304932,-7.102938907778038,0.022983408332853665,0.6002748012542725
NIR,M4_005,Lab_a,-19.60000000000001,-7.196264266967773,-7.094040044674372,0.02830909396249952,0.5098217129707336
NIR,M4_005,Lab_a,-19.40000000000001,-7.174283027648926,-7.086293760871076,0.032944997656464935,0.5073316097259521
NIR,M4_005,Lab_a,-19.20000000000001,-7.115444660186768,-7.081600490657375,0.03575377013020446,0.5016065835952759
NIR,M4_005,Lab_a,-19.00000000000001,-7.007421970367432,-7.082189133103737,0.035401486407995,0.4091849625110626
NIR,M4_005,Lab_a,-18.80000000000001,-6.941447734832764,-7.0900620690398055,0.030689785453682023,0.5207012891769409
NIR,M4_005,Lab_a,-18.600000000000012,-6.869952201843262,-7.106262508683429,0.020994339237810578,0.6933988928794861
NIR,M4_005,Lab_a,-18.400000000000013,-6.937142848968506,-7.1302403572409085,0.006644361942419002,0.7455143928527832
NIR,M4_005,Lab_a,-18.200000000000014,-7.072880268096924,-7.159658875539239,-0.010961682596277158,0.6460618376731873
NIR,M4_005,Lab_a,-18.000000000000014,-7.316322326660156,-7.190761092731673,-0.02957536720095976,0.4439198076725006
NIR,M4_005,Lab_a,-17.800000000000015,-7.418142795562744,-7.219260976419581,-0.04663163823638595,0.4909634292125702
NIR,M4_005,Lab_a,-17.600000000000016,-7.405767440795898,-7.24152352661662,-0.05995506419343927,0.4478963017463684
NIR,M4_005,Lab_a,-17.400000000000016,-7.413636684417725,-7.2555629852857,-0.0683572322469218,0.3856077194213867
NIR,M4_005,Lab_a,-17.200000000000017,-7.377325534820557,-7.2615591306428335,-0.07194573392289418,0.4286952018737793
NIR,M4_005,Lab_a,-17.000000000000018,-7.308444499969482,-7.261739806105282,-0.07205386242231933,0.4359246790409088
NIR,M4_005,Lab_a,-16.80000000000002,-7.151857376098633,-7.259707272611768,-0.07083745597892561,0.51028972864151
NIR,M4_005,Lab_a,-16.60000000000002,-7.108686923980713,-7.259420438699891,-0.07066579503473701,0.49898049235343933
NIR,M4_005,Lab_a,-16.40000000000002,-7.117584705352783,-7.264215812362766,-0.07353567316497077,0.4938209652900696
NIR,M4_005,Lab_a,-16.20000000000002,-7.190410137176514,-7.276084988968708,-0.08063899665131136,0.4163406193256378
NIR,M4_005,Lab_a,-16.00000000000002,-7.230799674987793,-7.295383744035128,-0.09218868578912447,0.6226130723953247
NIR,M4_005,Lab_a,-15.800000000000022,-7.329498767852783,-7.32099689326525,-0.10751733835920993,0.5696715712547302
NIR,M4_005,Lab_a,-15.600000000000023,-7.34735107421875,-7.350818759078839,-0.12536477351609437,0.5614104270935059
NIR,M4_005,Lab_a,-15.400000000000023,-7.3207502365112305,-7.382397780228676,-0.14426381007579836,0.56681227684021
NIR,M4_005,Lab_a,-15.200000000000024,-7.476613998413086,-7.41355541906108,-0.16291066276365238,0.6788243055343628
NIR,M4_005,Lab_a,-15.000000000000025,-7.676207065582275,-7.442819945240748,-0.1804245479327883,0.5864170789718628
NIR,M4_005,Lab_a,-14.800000000000026,-7.524606227874756,-7.469573105842161,-0.19643546093400865,0.6567746996879578
NIR,M4_005,Lab_a,-14.600000000000026,-7.358285903930664,-7.493898023943305,-0.21099314827726207,0.641058623790741
NIR,M4_005,Lab_a,-14.400000000000027,-7.458067417144775,-7.5161969875227275,-0.22433836648182276,0.6341625452041626
NIR,M4_005,Lab_a,-14.200000000000028,-7.548849582672119,-7.536748320109947,-0.23663768329957963,0.600074291229248
NIR,M4_005,Lab_a,-14.000000000000028,-7.530280590057373,-7.555388509989186,-0.24779324218584287,0.7066491842269897
NIR,M4_005,Lab_a,-13.80000000000003,-7.614944934844971,-7.571388667909802,-0.25736882618092566,0.5052276253700256
NIR,M4_005,Lab_a,-13.60000000000003,-7.664781093597412,-7.583588679986505,-0.2646701441404797,0.4706225097179413
NIR,M4_005,Lab_a,-13.40000000000003,-7.653718948364258,-7.590640719460418,-0.2688905647547089,0.42209330201148987
NIR,M4_005,Lab_a,-13.200000000000031,-7.699510097503662,-7.591311533981061,-0.26929202584149387,0.4964497983455658
NIR,M4_005,Lab_a,-13.000000000000032,-7.595733165740967,-7.584701191532735,-0.26533594680375844,0.4888210594654083
NIR,M4_005,Lab_a,-12.800000000000033,-7.582046985626221,-7.570401888187807,-0.2567782700027001,0.5589051842689514
NIR,M4_005,Lab_a,-12.600000000000033,-7.623960971832275,-7.54860896730517,-0.24373590220575458,0.5663213729858398
NIR,M4_005,Lab_a,-12.400000000000034,-7.6119842529296875,-7.520193907870656,-0.22673039577947923,0.5020562410354614
NIR,M4_005,Lab_a,-12.200000000000035,-7.609825611114502,-7.486718454099085,-0.20669640480554255,0.528867244720459
NIR,M4_005,Lab_a,-12.000000000000036,-7.485531330108643,-7.450327464107549,-0.18491755843058452,0.5192618370056152
NIR,M4_005,Lab_a,-11.800000000000036,-7.326378345489502,-7.413533742919308,-0.16289769028442697,0.5619219541549683
NIR,M4_005,Lab_a,-11.600000000000037,-7.233789443969727,-7.378844987722839,-0.14213757712075256,0.5058872699737549
NIR,M4_005,Lab_a,-11.400000000000038,-7.261932373046875,-7.34840247186032,-0.12391870271279533,0.4404136836528778
NIR,M4_005,Lab_a,-11.200000000000038,-7.250045299530029,-7.323728015851915,-0.10915182808482585,0.4835829436779022
NIR,M4_005,Lab_a,-11.000000000000039,-7.386552810668945,-7.30560402406766,-0.09830519728796885,0.46211308240890503
NIR,M4_005,Lab_a,-10.80000000000004,-7.235111713409424,-7.294095630241899,-0.09141779078399491,0.30082741379737854
NIR,M4_005,Lab_a,-10.60000000000004,-7.237858772277832,-7.288653747486694,-0.08816099759030292,0.37312668561935425
NIR,M4_005,Lab_a,-10.400000000000041,-7.120520114898682,-7.288275259551377,-0.08793448463751015,0.35991019010543823
NIR,M4_005,Lab_a,-10.200000000000042,-7.255361557006836,-7.291702048697705,-0.089985308602305,0.5352317094802856
NIR,M4_005,Lab_a,-10.000000000000043,-7.387822151184082,-7.297652133971915,-0.09354624478829626,0.5668724775314331
NIR,M4_005,Lab_a,-9.800000000000043,-7.37702751159668,-7.305049590842756,-0.09797338669328186,0.4234161376953125
NIR,M4_005,Lab_a,-9.600000000000044,-7.385899543762207,-7.313182270282634,-0.10284053584693413,0.41487666964530945
NIR,M4_005,Lab_a,-9.400000000000045,-7.303210258483887,-7.321707084109764,-0.10794236491944241,0.4622173607349396
NIR,M4_005,Lab_a,-9.200000000000045,-7.26649808883667,-7.330473152115697,-0.11318857692021711,0.4881614148616791
NIR,M4_005,Lab_a,-9.000000000000046,-7.108763217926025,-7.339242656300395,-0.11843684536434305,0.49288469552993774
NIR,M4_005,Lab_a,-8.800000000000047,-7.46876335144043,-7.347437292711863,-0.12334107378861811,0.6045453548431396
NIR,M4_005,Lab_a,-8.600000000000048,-7.501075744628906,-7.354024750374448,-0.12728345701227717,0.685311496257782
NIR,M4_005,Lab_a,-8.400000000000048,-7.3287858963012695,-7.357585728388798,-0.1294145887329911,0.6590439677238464
NIR,M4_005,Lab_a,-8.200000000000049,-7.380571365356445,-7.356520132004792,-0.12877686329737117,0.5968968868255615
NIR,M4_005,Lab_a,-8.00000000000005,-7.382661819458008,-7.349290669619056,-0.12445026073148617,0.6393837928771973
NIR,M4_005,Lab_a,-7.8000000000000504,-7.451191425323486,-7.33461986412887,-0.11567025175008792,0.7377825975418091
NIR,M4_005,Lab_a,-7.600000000000051,-7.472808361053467,-7.311618185045383,-0.10190448073803614,0.6177671551704407
NIR,M4_005,Lab_a,-7.400000000000052,-7.287520885467529,-7.279866012653057,-0.0829018186844762,0.5423445701599121
NIR,M4_005,Lab_a,-7.200000000000053,-7.184694290161133,-7.239521275525563,-0.05875678080168892,0.5260785222053528
NIR,M4_005,Lab_a,-7.000000000000053,-7.295736312866211,-7.191455231224451,-0.02999078694086409,0.4285084903240204
NIR,M4_005,Lab_a,-6.800000000000054,-7.2653117179870605,-7.137390690592399,0.0023651155787428957,0.4715176224708557
NIR,M4_005,Lab_a,-6.600000000000055,-7.209054946899414,-7.079887718795309,0.03677880943987882,0.4193708002567291
NIR,M4_005,Lab_a,-6.400000000000055,-7.0658278465271,-7.022061144938883,0.07138616880828809,0.6284918785095215
NIR,M4_005,Lab_a,-6.200000000000056,-6.799957275390625,-6.96703085106345,0.10432004382956682,0.8247893452644348
NIR,M4_005,Lab_a,-6.000000000000057,-6.64224100112915,-6.917183857113412,0.1341518792301385,0.7426190972328186
NIR,M4_005,Lab_a,-5.8000000000000576,-6.630723476409912,-6.873575092381152,0.16025033348836212,0.6008538007736206
NIR,M4_005,Lab_a,-5.600000000000058,-6.820007801055908,-6.835692618078795,0.18292178563424294,0.6032712459564209
NIR,M4_005,Lab_a,-5.400000000000059,-6.957528591156006,-6.801776526276615,0.20321948440996873,0.7700741291046143
NIR,M4_005,Lab_a,-5.20000000000006,-6.943023681640625,-6.769515660175098,0.222526583417483,0.7078835368156433
NIR,M4_005,Lab_a,-5.00000000000006,-6.7712860107421875,-6.7368679955123225,0.24206516902224695,0.4444701373577118
NIR,M4_005,Lab_a,-4.800000000000061,-6.718894958496094,-6.702637404532094,0.2625510855212434,0.4871097207069397
NIR,M4_005,Lab_a,-4.600000000000062,-6.6017985343933105,-6.666591388840026,0.28412347578513747,0.5134333968162537
NIR,M4_005,Lab_a,-4.4000000000000625,-6.664817810058594,-6.629078975897372,0.3065734580148621,0.4964551031589508
NIR,M4_005,Lab_a,-4.200000000000063,-6.573020935058594,-6.5903556489827375,0.3297481336199294,0.42189452052116394
NIR,M4_005,Lab_a,-4.000000000000064,-6.4616289138793945,-6.549905415299374,0.3539563078253034,0.24161970615386963
NIR,M4_005,Lab_a,-3.8000000000000647,-6.42783784866333,-6.506015087575424,0.3802232685501643,0.31895720958709717
NIR,M4_005,Lab_a,-3.6000000000000654,-6.5235819816589355,-6.455841855172947,0.4102503472551615,0.3179074227809906
NIR,M4_005,Lab_a,-3.400000000000066,-6.501992702484131,-6.395961518321865,0.44608681824602425,0.24480040371418
NIR,M4_005,Lab_a,-3.200000000000067,-6.5969157218933105,-6.323315670509381,0.4895630402354414,0.3392532169818878
NIR,M4_005,Lab_a,-3.0000000000000675,-6.487260341644287,-6.236252369483031,0.5416676479526437,0.4649890065193176
NIR,M4_005,Lab_a,-2.800000000000068,-6.351294994354248,-6.135335616561072,0.6020631046043629,0.6392044425010681
NIR,M4_005,Lab_a,-2.600000000000069,-6.170741081237793,-6.023692981136641,0.6688776597008212,0.7970102429389954
NIR,M4_005,Lab_a,-2.4000000000000696,-5.810919284820557,-5.906749526776127,0.7388645857961798,0.7477875351905823
NIR,M4_005,Lab_a,-2.2000000000000703,-5.571523666381836,-5.7914879127231425,0.8078449841303147,0.823260486125946
NIR,M4_005,Lab_a,-2.000000000000071,-5.581861972808838,-5.685430277302138,0.8713170949264928,0.8059495687484741
NIR,M4_005,Lab_a,-1.8000000000000718,-5.361231327056885,-5.595614610348083,0.9250689058311077,0.7768627405166626
NIR,M4_005,Lab_a,-1.6000000000000725,-5.3845014572143555,-5.527727730349221,0.9656970374294596,0.8008633255958557
NIR,M4_005,Lab_a,-1.4000000000000732,-5.295223712921143,-5.485505832610816,0.9909654960429183,0.8136288523674011
NIR,M4_005,Lab_a,-1.200000000000074,-5.033685684204102,-5.4704097831038645,1.0,0.42292582988739014
NIR,M4_005,Lab_a,-1.0000000000000746,-5.217245578765869,-5.481629364081398,0.9932854387704777,0.7282382845878601
NIR,M4_005,Lab_a,-0.8000000000000753,-5.3557634353637695,-5.516424699009343,0.972461541038177,0.8509251475334167
NIR,M4_005,Lab_a,-0.600000000000076,-5.543525218963623,-5.570801656085204,0.9399186672452868,0.7832227349281311
NIR,M4_005,Lab_a,-0.40000000000007674,-5.655856132507324,-5.640411739986099,0.8982592530941975,0.8688114285469055
NIR,M4_005,Lab_a,-0.20000000000007745,-5.788989543914795,-5.721372777008863,0.8498066556769199,0.7387036681175232
NIR,M4_005,Lab_a,-7.815970093361102e-14,-5.910345077514648,-5.810744469689747,0.7963205492088175,0.76657634973526
NIR,M4_005,Lab_a,0.19999999999992113,-5.793525695800781,-5.906502837442254,0.7390122214913344,0.6501082181930542
NIR,M4_005,Lab_a,0.3999999999999204,-5.865180492401123,-6.00703038625652,0.6788496910796519,0.6648600101470947
NIR,M4_005,Lab_a,0.5999999999999197,-5.93989896774292,-6.1104338311377795,0.6169660286336953,0.5554335713386536
NIR,M4_005,Lab_a,0.799999999999919,-6.118688583374023,-6.2141081621762915,0.5549202494658446,0.5595495104789734
NIR,M4_005,Lab_a,0.9999999999999183,-6.357605457305908,-6.31480735291344,0.4946549968399323,0.48325496912002563
NIR,M4_005,Lab_a,1.1999999999999176,-6.688560962677002,-6.409281428462032,0.43811527702831043,0.54156094789505
NIR,M4_005,Lab_a,1.3999999999999169,-6.857116222381592,-6.49515564655702,0.38672229750520914,0.37671712040901184
NIR,M4_005,Lab_a,1.5999999999999162,-6.760483264923096,-6.571564878038171,0.34099381046916966,0.36555707454681396
NIR,M4_005,Lab_a,1.7999999999999154,-6.617779731750488,-6.639197269183068,0.30051798232988597,0.3829679489135742
NIR,M4_005,Lab_a,1.9999999999999147,-6.528932571411133,-6.699630795135169,0.26435044531278423,0.5554905533790588
NIR,M4_005,Lab_a,2.199999999999914,-6.643733024597168,-6.7542829845497545,0.23164285374706411,0.5988686680793762
NIR,M4_005,Lab_a,2.3999999999999133,-6.626495838165283,-6.8035026511710335,0.2021864537364898,0.6020358204841614
NIR,M4_005,Lab_a,2.5999999999999126,-6.9214558601379395,-6.846230425477367,0.1766152441382358,0.6398580074310303
NIR,M4_005,Lab_a,2.799999999999912,-7.172674655914307,-6.880438009266465,0.15614309670903595,0.7132582664489746
NIR,M4_005,Lab_a,2.999999999999911,-7.192802429199219,-6.904105400013088,0.14197891850759933,0.8103368878364563
NIR,M4_005,Lab_a,3.1999999999999105,-7.067581653594971,-6.916317016869718,0.134670655457535,0.6578884720802307
NIR,M4_005,Lab_a,3.3999999999999098,-7.048616409301758,-6.917959771242305,0.13368751938125117,0.5469943881034851
NIR,M4_005,Lab_a,3.599999999999909,-6.867671489715576,-6.911733833837551,0.13741354426570168,0.5626478791236877
NIR,M4_005,Lab_a,3.7999999999999083,-6.825128078460693,-6.9015609369863276,0.14350169844239813,0.5230278372764587
NIR,M4_005,Lab_a,3.9999999999999076,-6.780794143676758,-6.891646005014891,0.14943546886948172,0.5253186225891113
NIR,M4_005,Lab_a,4.199999999999907,-6.768621444702148,-6.885593434907137,0.15305773895834446,0.6421585083007812
NIR,M4_005,Lab_a,4.399999999999906,-6.7516188621521,-6.885845607556386,0.15290682167389458,0.5869131684303284
NIR,M4_005,Lab_a,4.5999999999999055,-6.87881326675415,-6.893579053415419,0.14827860107994822,0.5302433371543884
NIR,M4_005,Lab_a,4.799999999999905,-6.960569381713867,-6.908910010685727,0.13910351232174892,0.4130779802799225
NIR,M4_005,Lab_a,4.999999999999904,-6.915541172027588,-6.931209805396338,0.12575779671169082,0.5936058163642883
NIR,M4_005,Lab_a,5.199999999999903,-6.90922737121582,-6.959347762249595,0.10891812733872737,0.5328304767608643
NIR,M4_005,Lab_a,5.399999999999903,-6.851344108581543,-6.991758228450898,0.08952149744481341,0.742607831954956
NIR,M4_005,Lab_a,5.599999999999902,-6.923642158508301,-7.02639190987942,0.06879434417400501,0.7643073797225952
NIR,M4_005,Lab_a,5.799999999999901,-7.176294326782227,-7.060687630299141,0.048269449783571235,0.766660213470459
NIR,M4_005,Lab_a,5.9999999999999005,-7.173625469207764,-7.0917301874587855,0.029691469804927966,0.6862239241600037
NIR,M4_005,Lab_a,6.1999999999999,-7.130688190460205,-7.116586570272858,0.014815717788542952,0.6742734313011169
NIR,M4_005,Lab_a,6.399999999999899,-7.270562648773193,-7.132781195176978,0.005123751508732074,0.6000184416770935
NIR,M4_005,Lab_a,6.599999999999898,-7.365977764129639,-7.138768234383228,0.00154069957351138,0.6320130228996277
NIR,M4_005,Lab_a,6.799999999999898,-7.240458965301514,-7.1342726951062385,0.004231136390671887,0.42300543189048767
NIR,M4_005,Lab_a,6.999999999999897,-7.101955890655518,-7.120380011504489,0.012545464249539671,0.7013665437698364
NIR,M4_005,Lab_a,7.199999999999896,-7.158905506134033,-7.099421584301553,0.02508841420554911,0.6214860081672668
NIR,M4_005,Lab_a,7.3999999999998956,-7.073312282562256,-7.074649613609927,0.0399136482600052,0.48250094056129456
NIR,M4_005,Lab_a,7.599999999999895,-7.0291523933410645,-7.049813781881278,0.05477710110749197,0.5051465630531311
NIR,M4_005,Lab_a,7.799999999999894,-7.010902404785156,-7.028689204230863,0.06741948680492058,0.47544363141059875
NIR,M4_005,Lab_a,7.999999999999893,-6.882534980773926,-7.0146035353584475,0.0758493101906604,0.3807738721370697
NIR,M4_005,Lab_a,8.199999999999893,-6.797427177429199,-7.010015325485147,0.0785952074028525,0.5076166391372681
NIR,M4_005,Lab_a,8.399999999999892,-6.919291973114014,-7.016166896309249,0.07491368854409246,0.4738422632217407
NIR,M4_005,Lab_a,8.599999999999891,-6.980801582336426,-7.032878709620035,0.0649122015049315,0.5110225081443787
NIR,M4_005,Lab_a,8.79999999999989,-6.988753795623779,-7.0585128543577715,0.049570983793446974,0.578068733215332
NIR,M4_005,Lab_a,8.99999999999989,-7.020634174346924,-7.090125628515719,0.030651747135353354,0.6767539978027344
NIR,M4_005,Lab_a,9.19999999999989,-7.095301628112793,-7.123829753949013,0.010480903468150029,0.4939078986644745
NIR,M4_005,Lab_a,9.399999999999888,-7.233642578125,-7.155285990022608,-0.008344650141152118,0.47757160663604736
NIR,M4_005,Lab_a,9.599999999999888,-7.331031799316406,-7.180313071374943,-0.0233225597861731,0.5292036533355713
NIR,M4_005,Lab_a,9.799999999999887,-7.3968505859375,-7.19550840761921,-0.032416483687575194,0.4769434630870819
NIR,M4_005,Lab_a,9.999999999999886,-7.299644470214844,-7.198756111430274,-0.03436013079332834,0.45971953868865967
NIR,M4_005,Lab_a,10.19999999999989,-7.304139614105225,-7.189551109360963,-0.02885123076078362,0.4503557085990906
NIR,M4_005,Lab_a,10.399999999999885,-7.271868705749512,-7.169057297254743,-0.016586338115586918,0.4554707407951355
NIR,M4_005,Lab_a,10.59999999999988,-7.19483757019043,-7.139894577285862,0.0008666192847452145,0.5763733386993408
NIR,M4_005,Lab_a,10.799999999999883,-7.177826404571533,-7.105653345831108,0.021358903768237264,0.650337815284729
NIR,M4_005,Lab_a,10.999999999999886,-6.972419261932373,-7.070280133757456,0.04252864253379598,0.4134874939918518
NIR,M4_005,Lab_a,11.199999999999882,-6.885519027709961,-7.0374301954979614,0.06218828243221023,0.2705796957015991
NIR,M4_005,Lab_a,11.399999999999878,-6.898587226867676,-7.009932079822621,0.07864502727573792,0.35049572587013245
NIR,M4_005,Lab_a,11.59999999999988,-6.89352560043335,-6.989494738838834,0.09087612375599426,0.31018537282943726
NIR,M4_005,Lab_a,11.799999999999883,-6.9820637702941895,-6.976743268270515,0.0985074720272783,0.4390733540058136
NIR,M4_005,Lab_a,11.99999999999988,-6.907309055328369,-6.971514490760764,0.10163672853116017,0.49745744466781616
NIR,M4_005,Lab_a,12.199999999999875,-6.938385486602783,-6.973282274647138,0.1005787662802175,0.5193344950675964
NIR,M4_005,Lab_a,12.399999999999878,-6.99658203125,-6.98151825880049,0.09564979255171614,0.3968096971511841
NIR,M4_005,Lab_a,12.59999999999988,-7.030874729156494,-6.9958094893165335,0.0870969470811637,0.48278364539146423
NIR,M4_005,Lab_a,12.799999999999876,-7.01852560043335,-7.015661974582144,0.07521586808712136,0.47043171525001526
NIR,M4_005,Lab_a,12.999999999999872,-6.834731578826904,-7.040103740119534,0.06058825128155002,0.6886234283447266
NIR,M4_005,Lab_a,13.199999999999875,-6.838859558105469,-7.06731107918073,0.044305526963717555,0.9244097471237183
NIR,M4_005,Lab_a,13.399999999999878,-7.034393310546875,-7.094503485124683,0.028031739640080506,0.8536590337753296
NIR,M4_005,Lab_a,13.599999999999874,-7.379701614379883,-7.118285400239936,0.013799022258172354,0.6731008887290955
NIR,M4_005,Lab_a,13.79999999999987,-7.446712017059326,-7.135339234143352,0.003592846807245027,0.5948798656463623
NIR,M4_005,Lab_a,13.999999999999872,-7.275383472442627,-7.143218457567103,-0.0011226170078302653,0.5003576278686523
NIR,M4_005,Lab_a,14.199999999999875,-7.134692668914795,-7.1409491597181844,0.00023548534778368096,0.5199511647224426
NIR,M4_005,Lab_a,14.39999999999987,-7.215499401092529,-7.129200271749689,0.007266819922687006,0.32514792680740356
NIR,M4_005,Lab_a,14.599999999999866,-7.166625499725342,-7.110037729011415,0.01873499032826036,0.31197309494018555
NIR,M4_005,Lab_a,14.79999999999987,-7.024663925170898,-7.086402215549072,0.03288009099217074,0.16825586557388306
NIR,M4_005,Lab_a,14.999999999999872,-6.9944233894348145,-7.06154553005764,0.04775602415129737,0.40125760436058044
NIR,M4_005,Lab_a,15.199999999999868,-7.006726264953613,-7.0385922906244165,0.061492805578240654,0.3868652284145355
NIR,M4_005,Lab_a,15.399999999999864,-6.997992038726807,-7.020279252977496,0.07245257429197627,0.25823310017585754
NIR,M4_005,Lab_a,15.599999999999866,-7.023868083953857,-7.008798231599911,0.07932359925909555,0.2510373890399933
NIR,M4_005,Lab_a,15.79999999999987,-6.894353866577148,-7.005633766613899,0.08121743058397364,0.3564131557941437
NIR,M4_005,Lab_a,15.999999999999865,-6.824769973754883,-7.0113361851894815,0.07780471501475707,0.3866800367832184
NIR,M4_005,Lab_a,16.19999999999986,-6.920527458190918,-7.025311470435876,0.06944095270715724,0.5653298497200012
NIR,M4_005,Lab_a,16.399999999999864,-6.975973129272461,-7.045719176591842,0.057227591725787105,0.5359052419662476
NIR,M4_005,Lab_a,16.599999999999866,-7.003836154937744,-7.069680652416718,0.042887412988450474,0.48175278306007385
NIR,M4_005,Lab_a,16.799999999999862,-7.1779937744140625,-7.093780868852249,0.028464202422463093,0.5349969863891602
NIR,M4_005,Lab_a,16.999999999999858,-7.298762321472168,-7.114781810568671,0.015895808886651465,0.4686242640018463
NIR,M4_005,Lab_a,17.19999999999986,-7.315464973449707,-7.130321997623732,0.006595502778215787,0.6487703323364258
NIR,M4_005,Lab_a,17.399999999999864,-7.247700214385986,-7.139350355927754,0.0011923184029871486,0.6781386733055115
NIR,M4_005,Lab_a,17.59999999999986,-7.122616767883301,-7.142163819063446,-0.0004914495139642676,0.5152174234390259
NIR,M4_005,Lab_a,17.799999999999855,-7.031239032745361,-7.14005278738201,0.0007719355902432546,0.36964356899261475
NIR,M4_005,Lab_a,17.999999999999858,-7.149878025054932,-7.134710723592826,0.003968990317716523,0.3094680905342102
NIR,M4_005,Lab_a,18.19999999999986,-7.10884428024292,-7.1276720406021115,0.008181417502919562,0.30995702743530273
NIR,M4_005,Lab_a,18.399999999999856,-7.123189926147461,-7.11996361924205,0.012794661732693833,0.3376093804836273
NIR,M4_005,Lab_a,18.599999999999852,-7.095201015472412,-7.112043312274493,0.017534712737875238,0.3453657031059265
NIR,M4_005,Lab_a,18.799999999999855,-7.147961139678955,-7.103975736439098,0.022362899461519127,0.28666576743125916
NIR,M4_005,Lab_a,18.999999999999858,-7.083210468292236,-7.095739572180357,0.027291980977349292,0.20832230150699615
NIR,M4_005,Lab_a,19.199999999999854,-7.163827896118164,-7.087529696987591,0.032205329326004305,0.2498161494731903
NIR,M4_005,Lab_a,19.39999999999985,-7.046789646148682,-7.07996053171123,0.03673523323295681,0.33962202072143555
NIR,M4_005,Lab_a,19.599999999999852,-7.027932643890381,-7.074113647158442,0.04023440708002475,0.35875096917152405
NIR,M4_005,Lab_a,19.799999999999855,-7.098692417144775,-7.071407019854997,0.041854237160209376,0.4195568859577179
NIR,M4_005,Lab_a,19.99999999999985,-7.013947010040283,-7.073324813825058,0.040706498660583686,0.4754304587841034
NIR,M4_005,Lab_a,20.199999999999847,-7.007331848144531,-7.0810721602106605,0.03606995904501235,0.43927645683288574
NIR,M4_005,Lab_a,20.39999999999985,-6.961497783660889,-7.095230644302334,0.027596558073877304,0.5202819108963013
NIR,M4_005,Lab_a,20.599999999999852,-6.993932723999023,-7.1155338260882806,0.015445751592882381,0.6032511591911316
NIR,M4_005,Lab_a,20.799999999999848,-7.115100383758545,-7.140841089209275,0.00030016209913773635,0.5614867806434631
NIR,M4_005,Lab_a,20.999999999999844,-7.22698974609375,-7.169327573157014,-0.016748089619346165,0.5660621523857117
NIR,M4_005,Lab_a,21.199999999999847,-7.284533500671387,-7.198835354807202,-0.03440755542598458,0.4981469511985779
NIR,M4_005,Lab_a,21.39999999999985,-7.233180522918701,-7.227282988956496,-0.051432556779687354,0.456682950258255
NIR,M4_005,Lab_a,21.599999999999845,-7.264708995819092,-7.252989772528676,-0.06681724651588368,0.48012295365333557
NIR,M4_005,Lab_a,21.79999999999984,-7.351521015167236,-7.274874351309485,-0.07991446864033715,0.3887239694595337
NIR,M4_005,Lab_a,21.999999999999844,-7.3321332931518555,-7.292482517072763,-0.0904523940222083,0.42806217074394226
UV,M4_008,Lab_a,-22.0,-0.49241772294044495,-0.5424439704864257,-0.09714013851741021,0.5274569392204285
UV,M4_008,Lab_a,-21.8,-0.5214133858680725,-0.554988165141954,-0.09839359916020067,0.57807856798172
UV,M4_008,Lab_a,-21.6,-0.5984683632850647,-0.5657934886706941,-0.09947330560193103,0.586262047290802
UV,M4_008,Lab_a,-21.400000000000002,-0.6462509036064148,-0.572748881702936,-0.10016831326567228,0.5689838528633118
UV,M4_008,Lab_a,-21.200000000000003,-0.6835971474647522,-0.5738268125305864,-0.10027602395617204,0.5595758557319641
UV,M4_008,Lab_a,-21.000000000000004,-0.6742249131202698,-0.567463839606793,-0.09964021302130255,0.4861878454685211
UV,M4_008,Lab_a,-20.800000000000004,-0.631253719329834,-0.5528831249077977,-0.09818325603675093,0.4659292995929718
UV,M4_008,Lab_a,-20.600000000000005,-0.5814529061317444,-0.5302869304561753,-0.09592536374476018,0.4741760492324829
UV,M4_008,Lab_a,-20.400000000000006,-0.5489723682403564,-0.5008989821416917,-0.09298881519811186,0.5018535256385803
UV,M4_008,Lab_a,-20.200000000000006,-0.5089885592460632,-0.4668655180262043,-0.08958807015404603,0.5295448303222656
UV,M4_008,Lab_a,-20.000000000000007,-0.44654762744903564,-0.4310335326971616,-0.08600761045963222,0.5835200548171997
UV,M4_008,Lab_a,-19.800000000000008,-0.36502110958099365,-0.39662193428863424,-0.08256908088917544,0.662403404712677
UV,M4_008,Lab_a,-19.60000000000001,-0.27521225810050964,-0.3667978357971928,-0.07958895066222198,0.769139289855957
UV,M4_008,Lab_a,-19.40000000000001,-0.2164316326379776,-0.3441884774570752,-0.07732974298757112,0.871099591255188
UV,M4_008,Lab_a,-19.20000000000001,-0.20559543371200562,-0.3303826737551832,-0.0759502178719603,0.8639252185821533
UV,M4_008,Lab_a,-19.00000000000001,-0.22217898070812225,-0.3254939398803999,-0.07546171815767877,0.8572368621826172
UV,M4_008,Lab_a,-18.80000000000001,-0.25407740473747253,-0.327886695857963,-0.07570081086375019,0.8922210931777954
UV,M4_008,Lab_a,-18.600000000000012,-0.2730385661125183,-0.3341485777494342,-0.07632652042233891,0.9390847682952881
UV,M4_008,Lab_a,-18.400000000000013,-0.3318778872489929,-0.3393712048494542,-0.0768483839378226,0.9392735958099365
UV,M4_008,Lab_a,-18.200000000000014,-0.46360090374946594,-0.33773879215647373,-0.07668526744293142,0.8630787134170532
UV,M4_008,Lab_a,-18.000000000000014,-0.5282596945762634,-0.3233595507294343,-0.0752484423858495,0.8369262218475342
UV,M4_008,Lab_a,-17.800000000000015,-0.5485966205596924,-0.29121350441787186,-0.07203629485630642,0.909395694732666
UV,M4_008,Lab_a,-17.600000000000016,-0.5108940005302429,-0.23803381771735058,-0.06672239100631681,1.009687900543213
UV,M4_008,Lab_a,-17.400000000000016,-0.39895087480545044,-0.16295351163285526,-0.05922009920441936,1.0141173601150513
UV,M4_008,Lab_a,-17.200000000000017,-0.23013757169246674,-0.06779278069870599,-0.04971129977642569,1.0772422552108765
UV,M4_008,Lab_a,-17.000000000000018,-0.04113050550222397,0.04306079708305173,-0.0386344151554821,1.208777904510498
UV,M4_008,Lab_a,-16.80000000000002,0.1291331946849823,0.16314645420930696,-0.02663502825940468,1.3644903898239136
UV,M4_008,Lab_a,-16.60000000000002,0.32547852396965027,0.28471667561033526,-0.014487298409377588,1.5216755867004395
UV,M4_008,Lab_a,-16.40000000000002,0.5574991106987,0.39970823630181146,-0.0029969317865754046,1.6566886901855469
UV,M4_008,Lab_a,-16.20000000000002,0.7199138402938843,0.500778972318902,0.007102416415061036,1.6708548069000244
UV,M4_008,Lab_a,-16.00000000000002,0.8494199514389038,0.5822840872304862,0.015246698015694567,1.6710243225097656
UV,M4_008,Lab_a,-15.800000000000022,0.9225181937217712,0.6410555248978582,0.02111934955365502,1.711779236793518
UV,M4_008,Lab_a,-15.600000000000023,0.9472633004188538,0.6768495062782199,0.024696011758054495,1.801011562347412
UV,M4_008,Lab_a,-15.400000000000023,0.872844934463501,0.6923634575616535,0.026246221068572686,1.7333886623382568
UV,M4_008,Lab_a,-15.200000000000024,0.752601683139801,0.6927929204645649,0.026289134532618837,1.5901567935943604
UV,M4_008,Lab_a,-15.000000000000025,0.6441810131072998,0.6849973365241767,0.025510171998540207,1.4775105714797974
UV,M4_008,Lab_a,-14.800000000000026,0.5536255240440369,0.676432472606514,0.024654340267093417,1.3914190530776978
UV,M4_008,Lab_a,-14.600000000000026,0.5067082047462463,0.6740642098317726,0.024417695009152068,1.2956697940826416
UV,M4_008,Lab_a,-14.400000000000027,0.5022202134132385,0.6834618724740246,0.02535674295760635,1.2540924549102783
UV,M4_008,Lab_a,-14.200000000000028,0.5150318145751953,0.7082248702444134,0.027831149960610806,1.2343063354492188
UV,M4_008,Lab_a,-14.000000000000028,0.5823042392730713,0.7498057971989077,0.031986064393896806,1.1879457235336304
UV,M4_008,Lab_a,-13.80000000000003,0.687927782535553,0.8077041990553857,0.03777147908176421,1.1122418642044067
UV,M4_008,Lab_a,-13.60000000000003,0.807779848575592,0.8799384743935407,0.04498938534703123,1.0185590982437134
UV,M4_008,Lab_a,-13.40000000000003,0.9398142099380493,0.9636696612899582,0.05335610399505045,0.9294396638870239
UV,M4_008,Lab_a,-13.200000000000031,1.0544898509979248,1.055851770066409,0.06256726887997895,0.8428648710250854
UV,M4_008,Lab_a,-13.000000000000032,1.1526368856430054,1.153798711114381,0.0723544763537759,0.7767252922058105
UV,M4_008,Lab_a,-12.800000000000033,1.2614110708236694,1.2555965770270163,0.08252648196637336,0.7758436799049377
UV,M4_008,Lab_a,-12.600000000000033,1.3675633668899536,1.3603296237025306,0.09299178130302212,0.8131699562072754
UV,M4_008,Lab_a,-12.400000000000034,1.4865535497665405,1.4681047372447253,0.10376105480420128,0.870649516582489
UV,M4_008,Lab_a,-12.200000000000035,1.5686538219451904,1.579891053485288,0.11493114197662263,0.9073805212974548
UV,M4_008,Lab_a,-12.000000000000036,1.6241939067840576,1.697214196981284,0.12665448866399873,0.89894038438797
UV,M4_008,Lab_a,-11.800000000000036,1.7100037336349487,1.821782635473037,0.1391018110526436,0.8351325988769531
UV,M4_008,Lab_a,-11.600000000000037,1.8309903144836426,1.9551379408762402,0.15242714850318695,0.7727354168891907
UV,M4_008,Lab_a,-11.400000000000038,1.9973957538604736,2.098418721354106,0.1667442748017776,0.7338084578514099
UV,M4_008,Lab_a,-11.200000000000038,2.1877524852752686,2.252294160627603,0.18212005717106822,0.7252961993217468
UV,M4_008,Lab_a,-11.000000000000039,2.3756520748138428,2.41705079807403,0.198583127646986,0.75498366355896
UV,M4_008,Lab_a,-10.80000000000004,2.5509252548217773,2.5927611548225102,0.21614073279924878,0.7925409078598022
UV,M4_008,Lab_a,-10.60000000000004,2.705441474914551,2.7794404882745947,0.2347943972018034,0.831782341003418
UV,M4_008,Lab_a,-10.400000000000041,2.8666903972625732,2.977113991855603,0.25454663827150786,0.8592703342437744
UV,M4_008,Lab_a,-10.200000000000042,3.0850107669830322,3.185770748430011,0.2753963651292672,0.8319390416145325
UV,M4_008,Lab_a,-10.000000000000043,3.3206708431243896,3.4052308180341297,0.29732559753252763,0.7936304211616516
UV,M4_008,Lab_a,-9.800000000000043,3.566051721572876,3.634981296793825,0.3202830842979795,0.7425829768180847
UV,M4_008,Lab_a,-9.600000000000044,3.809358835220337,3.874035399618378,0.3441702223420393,0.6905953288078308
UV,M4_008,Lab_a,-9.400000000000045,4.063994407653809,4.120854890750349,0.36883330566490125,0.6451269388198853
UV,M4_008,Lab_a,-9.200000000000045,4.323899745941162,4.373360560954012,0.39406457226855157,0.5755487680435181
UV,M4_008,Lab_a,-9.000000000000046,4.598263740539551,4.629050010983119,0.4196139735006967,0.5030897855758667
UV,M4_008,Lab_a,-8.800000000000047,4.905505657196045,4.885223561517267,0.4452117477808443,0.47186991572380066
UV,M4_008,Lab_a,-8.600000000000048,5.220653057098389,5.139299100593599,0.4705998812779276,0.49031904339790344
UV,M4_008,Lab_a,-8.400000000000048,5.488873481750488,5.389160629593855,0.49556693586769696,0.49828004837036133
UV,M4_008,Lab_a,-8.200000000000049,5.723132610321045,5.633457481743267,0.5199779481116705,0.476845920085907
UV,M4_008,Lab_a,-8.00000000000005,5.9339518547058105,5.871779787849128,0.5437919624191658,0.4693967401981354
UV,M4_008,Lab_a,-7.8000000000000504,6.137749195098877,6.104660536016594,0.567062236861445,0.47728270292282104
UV,M4_008,Lab_a,-7.600000000000051,6.335671901702881,6.333414514494892,0.5899201497668316,0.5046062469482422
UV,M4_008,Lab_a,-7.400000000000052,6.54295015335083,6.559862944074087,0.6125476840082694,0.541681706905365
UV,M4_008,Lab_a,-7.200000000000053,6.776506423950195,6.78600625133254,0.6351447293398338,0.5717066526412964
UV,M4_008,Lab_a,-7.000000000000053,6.99229097366333,7.013699407188506,0.657896641067577,0.5854856967926025
UV,M4_008,Lab_a,-6.800000000000054,7.196630954742432,7.244361444219027,0.6809452139846287,0.5852112174034119
UV,M4_008,Lab_a,-6.600000000000055,7.412179946899414,7.478733992537339,0.7043645544153864,0.5816395282745361
UV,M4_008,Lab_a,-6.400000000000055,7.649366855621338,7.716711366939343,0.72814410191755,0.5634603500366211
UV,M4_008,Lab_a,-6.200000000000056,7.915086269378662,7.957264569959712,0.7521810353966022,0.5796676874160767
UV,M4_008,Lab_a,-6.000000000000057,8.195693969726562,8.198488442104834,0.7762849845251478,0.6329801082611084
UV,M4_008,Lab_a,-5.8000000000000576,8.48201847076416,8.437769106284783,0.8001947613873991,0.6913553476333618
UV,M4_008,Lab_a,-5.600000000000058,8.759562492370605,8.672042509083056,0.8236041948443981,0.7757282257080078
UV,M4_008,Lab_a,-5.400000000000059,9.006880760192871,8.898089100386883,0.8461915759730397,0.8564532399177551
UV,M4_008,Lab_a,-5.20000000000006,9.211017608642578,9.112808081546753,0.8676470619197083,0.8571600914001465
UV,M4_008,Lab_a,-5.00000000000006,9.42812442779541,9.3134358101099,0.8876944996797341,0.8655581474304199
UV,M4_008,Lab_a,-4.800000000000061,9.635674476623535,9.497716854419869,0.9061085184826927,0.878917932510376
UV,M4_008,Lab_a,-4.600000000000062,9.816776275634766,9.664040839967804,0.922728203967604,0.8109455704689026
UV,M4_008,Lab_a,-4.4000000000000625,9.977431297302246,9.811561711222101,0.9374690152500509,0.7067207098007202
UV,M4_008,Lab_a,-4.200000000000063,10.11086654663086,9.940275498226246,0.9503305556378275,0.6115207076072693
UV,M4_008,Lab_a,-4.000000000000064,10.209685325622559,10.051008018551403,0.9613953437662077,0.5535944700241089
UV,M4_008,Lab_a,-3.8000000000000647,10.261292457580566,10.145261229137503,0.9708134605262383,0.5541950464248657
UV,M4_008,Lab_a,-3.6000000000000654,10.28475284576416,10.22488726333535,0.9787699776841177,0.5576725006103516
UV,M4_008,Lab_a,-3.400000000000066,10.326552391052246,10.291629036148516,0.9854390535194879,0.5778027176856995
UV,M4_008,Lab_a,-3.200000000000067,10.356954574584961,10.346635427037231,0.9909354881631074,0.6068597435951233
UV,M4_008,Lab_a,-3.0000000000000675,10.40768814086914,10.390077394395265,0.9952763643870494,0.5996905565261841
UV,M4_008,Lab_a,-2.800000000000068,10.486735343933105,10.420984515169565,0.9983647140608551,0.5855618119239807
UV,M4_008,Lab_a,-2.600000000000069,10.56927490234375,10.43734988352482,1.0,0.5981334447860718
UV,M4_008,Lab_a,-2.4000000000000696,10.618818283081055,10.436457523153658,0.999910832170964,0.6229309439659119
UV,M4_008,Lab_a,-2.2000000000000703,10.636516571044922,10.415321718986897,0.9977988672816847,0.7054552435874939
UV,M4_008,Lab_a,-2.000000000000071,10.576842308044434,10.371111558007529,0.9933812304129322,0.7798539400100708
UV,M4_008,Lab_a,-1.8000000000000718,10.48992919921875,10.30147556866125,0.9864229541453626,0.823826253414154
UV,M4_008,Lab_a,-1.6000000000000725,10.374469757080078,10.204761690541911,0.976758958714552,0.8498103618621826
UV,M4_008,Lab_a,-1.4000000000000732,10.279804229736328,10.080179555976411,0.9643102677653997,0.8525721430778503
UV,M4_008,Lab_a,-1.200000000000074,10.182316780090332,9.92797169722167,0.9491011159855048,0.8611683249473572
UV,M4_008,Lab_a,-1.0000000000000746,9.99160385131836,9.74961117001011,0.9312786963542439,0.8202199339866638
UV,M4_008,Lab_a,-0.8000000000000753,9.742209434509277,9.54798043439779,0.9111310345547236,0.741294264793396
UV,M4_008,Lab_a,-0.600000000000076,9.477731704711914,9.327437181365653,0.8890935666024122,0.6973633766174316
UV,M4_008,Lab_a,-0.40000000000007674,9.1439208984375,9.093668879545678,0.8657346046355581,0.6878376603126526
UV,M4_008,Lab_a,-0.20000000000007745,8.828603744506836,8.853288008564833,0.8417148911881593,0.6618027091026306
UV,M4_008,Lab_a,-7.815970093361102e-14,8.53420352935791,8.613197444764527,0.8177241862690176,0.656257152557373
UV,M4_008,Lab_a,0.19999999999992113,8.232354164123535,8.379816685895177,0.7944039489751566,0.660006046295166
UV,M4_008,Lab_a,0.3999999999999204,7.965595722198486,8.15831313109559,0.7722705242473203,0.629893958568573
UV,M4_008,Lab_a,0.5999999999999197,7.743571758270264,7.951990100303346,0.7516539915880996,0.589674711227417
UV,M4_008,Lab_a,0.799999999999919,7.566689968109131,7.761962203516345,0.7326657268014255,0.5548718571662903
UV,M4_008,Lab_a,0.9999999999999183,7.4492902755737305,7.587191899842848,0.7152020551031614,0.5361855030059814
UV,M4_008,Lab_a,1.1999999999999176,7.368505954742432,7.424895706794894,0.6989848410016025,0.5147858262062073
UV,M4_008,Lab_a,1.3999999999999169,7.290792465209961,7.2712343571654205,0.6836304512326487,0.4891875684261322
UV,M4_008,Lab_a,1.5999999999999162,7.178403854370117,7.1221360831659695,0.6687320202453763,0.45795807242393494
UV,M4_008,Lab_a,1.7999999999999154,7.05657958984375,6.974064602165737,0.6539361900745099,0.4048828184604645
UV,M4_008,Lab_a,1.9999999999999147,6.904655933380127,6.824565025602,0.6389976595046021,0.3380563259124756
UV,M4_008,Lab_a,2.199999999999914,6.712925434112549,6.672484792506619,0.6238012605355021,0.2950672507286072
UV,M4_008,Lab_a,2.3999999999999133,6.518241882324219,6.517861086552498,0.608350708692345,0.27912962436676025
UV,M4_008,Lab_a,2.5999999999999126,6.346106052398682,6.361562185228268,0.5927327653567024,0.2810646891593933
UV,M4_008,Lab_a,2.799999999999912,6.168872356414795,6.204818652577964,0.5770703928741044,0.30107370018959045
UV,M4_008,Lab_a,2.999999999999911,6.001312255859375,6.0487831554367215,0.5614787698233097,0.3510357141494751
UV,M4_008,Lab_a,3.1999999999999105,5.86497688293457,5.894232204026866,0.5460354878735435,0.3816724717617035
UV,M4_008,Lab_a,3.3999999999999098,5.731717586517334,5.741450669325368,0.530769012348225,0.41328492760658264
UV,M4_008,Lab_a,3.599999999999909,5.582104206085205,5.590276399279393,0.5156631404362569,0.3924228847026825
UV,M4_008,Lab_a,3.7999999999999083,5.455224514007568,5.440244484109006,0.5006714166952929,0.3732501268386841
UV,M4_008,Lab_a,3.9999999999999076,5.310763835906982,5.290755569923823,0.48573395154825544,0.3903268873691559
UV,M4_008,Lab_a,4.199999999999907,5.139338493347168,5.141216328027255,0.47079145747690726,0.40416374802589417
UV,M4_008,Lab_a,4.399999999999906,4.984895706176758,4.991139819539409,0.45579527781271334,0.4411371350288391
UV,M4_008,Lab_a,4.5999999999999055,4.834264755249023,4.840225307024399,0.44071536179912474,0.4935121238231659
UV,M4_008,Lab_a,4.799999999999905,4.702236175537109,4.688445955222873,0.4255490279613749,0.5344493389129639
UV,M4_008,Lab_a,4.999999999999904,4.572154521942139,4.536153832694259,0.4103314562448428,0.5684255957603455
UV,M4_008,Lab_a,5.199999999999903,4.422529697418213,4.384179955706383,0.3951456847571029,0.5991035103797913
UV,M4_008,Lab_a,5.399999999999903,4.241632461547852,4.233877530592966,0.3801269306984196,0.5930882096290588
UV,M4_008,Lab_a,5.599999999999902,4.034544944763184,4.08707377164797,0.36545777583400946,0.5798662900924683
UV,M4_008,Lab_a,5.799999999999901,3.845595359802246,3.9459210634326034,0.3513532941012365,0.5420286655426025
UV,M4_008,Lab_a,5.9999999999999005,3.716702461242676,3.812676562536848,0.3380390286320314,0.4860549569129944
UV,M4_008,Lab_a,6.1999999999999,3.6032896041870117,3.6894564950106785,0.3257264402764315,0.48618561029434204
UV,M4_008,Lab_a,6.399999999999899,3.497926950454712,3.577996662502558,0.31458897652228174,0.522228479385376
UV,M4_008,Lab_a,6.599999999999898,3.387728214263916,3.4794383392625092,0.304740677560628,0.5888737440109253
UV,M4_008,Lab_a,6.799999999999898,3.263672113418579,3.3941429255719324,0.2962176557957712,0.6770029067993164
UV,M4_008,Lab_a,6.999999999999897,3.1644270420074463,3.32155440567741,0.2889643521517546,0.7870376110076904
UV,M4_008,Lab_a,7.199999999999896,3.1327402591705322,3.260161019893158,0.2828297062122246,0.8420630097389221
UV,M4_008,Lab_a,7.3999999999998956,3.158013343811035,3.207596099496724,0.27757723200262624,0.854386031627655
UV,M4_008,Lab_a,7.599999999999895,3.1969709396362305,3.1608947557852782,0.2729106672756568,0.8438814878463745
UV,M4_008,Lab_a,7.799999999999894,3.1842801570892334,3.116870751966422,0.2685116318939256,0.8079781532287598
UV,M4_008,Lab_a,7.999999999999893,3.1171798706054688,3.072528067772831,0.2640807528332393,0.719340443611145
UV,M4_008,Lab_a,8.199999999999893,3.05535888671875,3.0254226937590247,0.25937381595832326,0.619158148765564
UV,M4_008,Lab_a,8.399999999999892,3.0020103454589844,2.973911130149783,0.2542265969135099,0.5351732969284058
UV,M4_008,Lab_a,8.599999999999891,2.9820663928985596,2.917261694687563,0.24856598339960068,0.47792747616767883
UV,M4_008,Lab_a,8.79999999999989,2.950373888015747,2.855638313719499,0.24240835552150414,0.4741658568382263
UV,M4_008,Lab_a,8.99999999999989,2.841932535171509,2.789967999504837,0.23584634364842744,0.4913182258605957
UV,M4_008,Lab_a,9.19999999999989,2.72139573097229,2.7217151113528333,0.22902627178214685,0.5761029720306396
UV,M4_008,Lab_a,9.399999999999888,2.590172052383423,2.6525988080508114,0.22211992439650002,0.6908002495765686
UV,M4_008,Lab_a,9.599999999999888,2.4975192546844482,2.584301169674848,0.21529538092833267,0.7835605144500732
UV,M4_008,Lab_a,9.799999999999887,2.4895524978637695,2.518225712024961,0.20869288567910593,0.8032837510108948
UV,M4_008,Lab_a,9.999999999999886,2.470109224319458,2.4553318302520477,0.20240830483198713,0.8038651347160339
UV,M4_008,Lab_a,10.19999999999989,2.398505210876465,2.3960337599370622,0.19648303028273587,0.7644598484039307
UV,M4_008,Lab_a,10.399999999999885,2.299762487411499,2.340131772785791,0.19089710446827826,0.7327798008918762
UV,M4_008,Lab_a,10.59999999999988,2.2123982906341553,2.286755212813698,0.18556352833925374,0.7260717749595642
UV,M4_008,Lab_a,10.799999999999883,2.176457166671753,2.23433884734636,0.1803258982676832,0.6871808171272278
UV,M4_008,Lab_a,10.999999999999886,2.178464412689209,2.180703445823787,0.17496645776831404,0.6353877782821655
UV,M4_008,Lab_a,11.199999999999882,2.192814826965332,2.1232958745488197,0.16923008862167876,0.6241497993469238
UV,M4_008,Lab_a,11.399999999999878,2.2010011672973633,2.0595916563620786,0.16286453607170892,0.6434413194656372
UV,M4_008,Lab_a,11.59999999999988,2.1323840618133545,1.9875849996154227,0.15566937426743332,0.6342656016349792
UV,M4_008,Lab_a,11.799999999999883,2.019812822341919,1.906225050762761,0.14753959817684048,0.6289513111114502
UV,M4_008,Lab_a,11.99999999999988,1.8909255266189575,1.8156774099339128,0.13849175515517081,0.5884029865264893
UV,M4_008,Lab_a,12.199999999999875,1.7528938055038452,1.71734035329013,0.12866556594050363,0.5542841553688049
UV,M4_008,Lab_a,12.399999999999878,1.62799870967865,1.6136268233868902,0.1183021403537291,0.5336192846298218
UV,M4_008,Lab_a,12.59999999999988,1.496455430984497,1.5075873275254428,0.10770629595768498,0.5325210094451904
UV,M4_008,Lab_a,12.799999999999876,1.366538166999817,1.4024604530989522,0.09720164394839015,0.5549825429916382
UV,M4_008,Lab_a,12.999999999999872,1.239939570426941,1.3012382884358717,0.08708716445669072,0.6004645824432373
UV,M4_008,Lab_a,13.199999999999875,1.106357455253601,1.2063169895647534,0.07760228993387214,0.6720139384269714
UV,M4_008,Lab_a,13.399999999999878,0.9916120171546936,1.1192734146945802,0.06890458567276493,0.7807846665382385
UV,M4_008,Lab_a,13.599999999999874,0.9480323195457458,1.0408122597028524,0.06106446739728277,0.8205198049545288
UV,M4_008,Lab_a,13.79999999999987,0.9193785190582275,0.9708812458998278,0.054076711234403295,0.8062620759010315
UV,M4_008,Lab_a,13.999999999999872,0.8989620208740234,0.9089076688630515,0.04788409051687424,0.8159998655319214
UV,M4_008,Lab_a,14.199999999999875,0.8638391494750977,0.8540679241197942,0.042404307750106174,0.8433500528335571
UV,M4_008,Lab_a,14.39999999999987,0.7749054431915283,0.8054917452286304,0.037550402809274554,0.8375142812728882
UV,M4_008,Lab_a,14.599999999999866,0.7021392583847046,0.7623287581477151,0.0332374032890258,0.7847200036048889
UV,M4_008,Lab_a,14.79999999999987,0.657056987285614,0.7236853584531107,0.029376017050136358,0.7305277585983276
UV,M4_008,Lab_a,14.999999999999872,0.638463020324707,0.6884966397932959,0.025859834854186015,0.692000150680542
UV,M4_008,Lab_a,15.199999999999868,0.638037919998169,0.6554414873403103,0.0225568461985535,0.5792738795280457
UV,M4_008,Lab_a,15.399999999999864,0.6468417644500732,0.62297686950185,0.019312865866519247,0.4138491749763489
UV,M4_008,Lab_a,15.599999999999866,0.6434253454208374,0.589513260970263,0.01596906282360283,0.30671417713165283
UV,M4_008,Lab_a,15.79999999999987,0.6181914210319519,0.5536904479955316,0.01238951966352595,0.3045823276042938
UV,M4_008,Lab_a,15.999999999999865,0.555354118347168,0.5146678159364582,0.008490239175034376,0.3970853090286255
UV,M4_008,Lab_a,16.19999999999986,0.5179051756858826,0.4723527718475886,0.004261969140977952,0.4512186646461487
UV,M4_008,Lab_a,16.399999999999864,0.45312586426734924,0.42752527301703824,-0.0002173543263175118,0.4762909710407257
UV,M4_008,Lab_a,16.599999999999866,0.37973812222480774,0.38183774602362364,-0.004782614873150131,0.5062506794929504
UV,M4_008,Lab_a,16.799999999999862,0.3192899525165558,0.3377025231531319,-0.009192763658952509,0.5467298030853271
UV,M4_008,Lab_a,16.999999999999858,0.26753222942352295,0.29807673386023814,-0.013152313768154643,0.5431059002876282
UV,M4_008,Lab_a,17.19999999999986,0.18150845170021057,0.2661432721847059,-0.016343219083124135,0.4909484386444092
UV,M4_008,Lab_a,17.399999999999864,0.12731201946735382,0.2449065921607303,-0.018465263847620553,0.4501110017299652
UV,M4_008,Lab_a,17.59999999999986,0.08117128163576126,0.2367415284723739,-0.019281146115098107,0.43923690915107727
UV,M4_008,Lab_a,17.799999999999855,0.06395245343446732,0.2429720985618304,-0.018658565343375202,0.42803090810775757
UV,M4_008,Lab_a,17.999999999999858,0.09114471077919006,0.2635962255660406,-0.016597729060011526,0.4347373843193054
UV,M4_008,Lab_a,18.19999999999986,0.1871020793914795,0.29724333472823,-0.01323558998001154,0.47834762930870056
UV,M4_008,Lab_a,18.399999999999856,0.31026312708854675,0.3414074105363662,-0.00882255810583567,0.5492234826087952
UV,M4_008,Lab_a,18.599999999999852,0.40627509355545044,0.39291631356235057,-0.0036756049159847822,0.6632641553878784
UV,M4_008,Lab_a,18.799999999999855,0.4953642785549164,0.44851898193697426,0.0018804118994115927,0.8089426159858704
UV,M4_008,Lab_a,18.999999999999858,0.5777696371078491,0.5054296816790544,0.007567131871420699,0.9610086679458618
UV,M4_008,Lab_a,19.199999999999854,0.5912855267524719,0.5616965305681154,0.013189515971239638,1.027718186378479
UV,M4_008,Lab_a,19.39999999999985,0.6245603561401367,0.6163231834046466,0.01864800583513804,1.0447077751159668
UV,M4_008,Lab_a,19.599999999999852,0.6771382689476013,0.6691519548529675,0.023926844982317536,1.0396349430084229
UV,M4_008,Lab_a,19.799999999999855,0.7238040566444397,0.7205749924151796,0.0290652181889675,1.0366898775100708
UV,M4_008,Lab_a,19.99999999999985,0.7642530798912048,0.7711784308234889,0.03412169412676181,1.0463954210281372
UV,M4_008,Lab_a,20.199999999999847,0.7943605184555054,0.8214130932174526,0.039141320650729165,1.0512349605560303
UV,M4_008,Lab_a,20.39999999999985,0.8408157229423523,0.8713617051951487,0.04413236399749852,1.0530476570129395
UV,M4_008,Lab_a,20.599999999999852,0.9239248037338257,0.9206384626986206,0.04905627325043017,1.0412253141403198
UV,M4_008,Lab_a,20.799999999999848,0.9812930822372437,0.9684311189187005,0.05383188581316123,1.033825397491455
UV,M4_008,Lab_a,20.999999999999844,1.0443495512008667,1.013653615126389,0.0583506788263179,0.9884465932846069
UV,M4_008,Lab_a,21.199999999999847,1.123439073562622,1.055163724564095,0.062498516920902844,0.9574347734451294
UV,M4_008,Lab_a,21.39999999999985,1.1654369831085205,1.0919827744716208,0.06617760762631392,0.9497752785682678
UV,M4_008,Lab_a,21.599999999999845,1.1604269742965698,1.123463327705646,0.06932325671545096,0.9297053813934326
UV,M4_008,Lab_a,21.79999999999984,1.1832093000411987,1.1493694323644144,0.07191188703325825,0.8719097375869751
UV,M4_008,Lab_a,21.999999999999844,1.217840313911438,1.169866238815256,0.0739600009931051,0.8539897799491882
NIR,M4_008,Lab_a,-22.0,-7.561567783355713,-7.469156101467444,-0.00016710760085227283,0.5180153846740723
NIR,M4_008,Lab_a,-21.8,-7.504338264465332,-7.443541677030298,0.009690150328855292,0.6352367401123047
NIR,M4_008,Lab_a,-21.6,-7.232696056365967,-7.417391727818735,0.019753495490471194,0.6440204381942749
NIR,M4_008,Lab_a,-21.400000000000002,-7.3941569328308105,-7.392584278664593,0.029300203264074953,0.6530704498291016
NIR,M4_008,Lab_a,-21.200000000000003,-7.285979747772217,-7.371010793909192,0.037602377072369166,0.8185417652130127
NIR,M4_008,Lab_a,-21.000000000000004,-7.366079807281494,-7.354393514744318,0.04399724287230379,0.5932396054267883
NIR,M4_008,Lab_a,-20.800000000000004,-7.412316799163818,-7.344110695541221,0.047954403860957104,0.5086910724639893
NIR,M4_008,Lab_a,-20.600000000000005,-7.216759204864502,-7.340986497697582,0.049156696110144824,0.5234620571136475
NIR,M4_008,Lab_a,-20.400000000000006,-7.193291187286377,-7.345079072043612,0.047581741301993,0.5870682597160339
NIR,M4_008,Lab_a,-20.200000000000006,-7.144594192504883,-7.355516181692819,0.04356520436573174,0.6311667561531067
NIR,M4_008,Lab_a,-20.000000000000007,-7.364095687866211,-7.3705467101997435,0.037780971474762726,0.8293516039848328
NIR,M4_008,Lab_a,-19.800000000000008,-7.488020420074463,-7.387847952722098,0.031122894481240435,0.8355234265327454
NIR,M4_008,Lab_a,-19.60000000000001,-7.533769130706787,-7.405089590742628,0.02448775522538627,0.9523493051528931
NIR,M4_008,Lab_a,-19.40000000000001,-7.518537521362305,-7.4205560794818926,0.018535750754469806,0.7492973208427429
NIR,M4_008,Lab_a,-19.20000000000001,-7.431773662567139,-7.433573778822893,0.013526119545675553,0.662557065486908
NIR,M4_008,Lab_a,-19.00000000000001,-7.537722587585449,-7.444570358530956,0.009294280458564761,0.5384774208068848
NIR,M4_008,Lab_a,-18.80000000000001,-7.441209316253662,-7.454735268597659,0.005382494714338963,0.7487389445304871
NIR,M4_008,Lab_a,-18.600000000000012,-7.257124423980713,-7.465387961148048,0.001282994513866831,0.746048629283905
NIR,M4_008,Lab_a,-18.400000000000013,-7.399209499359131,-7.4773741609819275,-0.003329682364721396,0.39868953824043274
NIR,M4_008,Lab_a,-18.200000000000014,-7.475189685821533,-7.490679329098899,-0.008449940844428475,0.49266543984413147
NIR,M4_008,Lab_a,-18.000000000000014,-7.506697177886963,-7.504501420861657,-0.013769128240886313,0.5714671611785889
NIR,M4_008,Lab_a,-17.800000000000015,-7.631179332733154,-7.51762198511227,-0.018818345189678506,0.48231589794158936
NIR,M4_008,Lab_a,-17.600000000000016,-7.619657516479492,-7.528932128708698,-0.02317085378988517,0.5503104329109192
NIR,M4_008,Lab_a,-17.400000000000016,-7.683681964874268,-7.537784783091552,-0.026577641158013476,0.5920615792274475
NIR,M4_008,Lab_a,-17.200000000000017,-7.5127410888671875,-7.543992386480163,-0.028966527462174475,0.7259912490844727
NIR,M4_008,Lab_a,-17.000000000000018,-7.489929676055908,-7.547503882420473,-0.030317864529603025,0.8433166146278381
NIR,M4_008,Lab_a,-16.80000000000002,-7.389293193817139,-7.547914790110668,-0.030475995082076986,0.8440007567405701
NIR,M4_008,Lab_a,-16.60000000000002,-7.412393093109131,-7.544230412695921,-0.029058127638806042,0.8899556994438171
NIR,M4_008,Lab_a,-16.40000000000002,-7.702601432800293,-7.534974388760923,-0.025496110637225296,0.8807550072669983
NIR,M4_008,Lab_a,-16.20000000000002,-7.858358860015869,-7.518742332163262,-0.019249490924751023,0.7808482646942139
NIR,M4_008,Lab_a,-16.00000000000002,-7.668907642364502,-7.494919354709937,-0.010081639662378737,0.7905681133270264
NIR,M4_008,Lab_a,-15.800000000000022,-7.5715436935424805,-7.464191649866691,0.0017433737386077538,0.7981256246566772
NIR,M4_008,Lab_a,-15.600000000000023,-7.277625560760498,-7.428602930535473,0.015439062536792936,0.678886353969574
NIR,M4_008,Lab_a,-15.400000000000023,-7.339037895202637,-7.391082383008039,0.029878181227487102,1.101165533065796
NIR,M4_008,Lab_a,-15.200000000000024,-7.271331310272217,-7.354684344539072,0.043885322172794665,0.9041485786437988
NIR,M4_008,Lab_a,-15.000000000000025,-7.1865458488464355,-7.321877376070571,0.056510503381895824,0.7245124578475952
NIR,M4_008,Lab_a,-14.800000000000026,-7.238196849822998,-7.294116496982564,0.06719378639679996,0.763267993927002
NIR,M4_008,Lab_a,-14.600000000000026,-7.291885852813721,-7.271839006788634,0.07576688423887562,0.6827274560928345
NIR,M4_008,Lab_a,-14.400000000000027,-7.266822338104248,-7.254771599374709,0.08233497392924874,0.5964678525924683
NIR,M4_008,Lab_a,-14.200000000000028,-7.229346752166748,-7.242342328777877,0.08711815874965129,0.6797868013381958
NIR,M4_008,Lab_a,-14.000000000000028,-7.329626560211182,-7.234008627373748,0.09032523624816166,0.5898775458335876
NIR,M4_008,Lab_a,-13.80000000000003,-7.0072021484375,-7.2293497332874885,0.09211812918581629,0.5361401438713074
NIR,M4_008,Lab_a,-13.60000000000003,-7.172053337097168,-7.228033131533461,0.0926248000701064,0.5808237195014954
NIR,M4_008,Lab_a,-13.40000000000003,-7.2910871505737305,-7.229662306602419,0.091997840877376,0.6924244165420532
NIR,M4_008,Lab_a,-13.200000000000031,-7.246418476104736,-7.2336786575876975,0.09045221928063582,0.6147543787956238
NIR,M4_008,Lab_a,-13.000000000000032,-7.203866958618164,-7.239369572281889,0.08826217147635014,0.4682212173938751
NIR,M4_008,Lab_a,-12.800000000000033,-7.215732097625732,-7.245954238076065,0.0857281793785233,0.5707772970199585
NIR,M4_008,Lab_a,-12.600000000000033,-7.279171466827393,-7.252725225782905,0.08312248459006603,0.5031956434249878
NIR,M4_008,Lab_a,-12.400000000000034,-7.320544242858887,-7.259213363079004,0.08062563977639707,0.3729391396045685
NIR,M4_008,Lab_a,-12.200000000000035,-7.279101371765137,-7.265261645476876,0.078298065335916,0.47981342673301697
NIR,M4_008,Lab_a,-12.000000000000036,-7.252105712890625,-7.271057846629452,0.07606749990144347,0.5808281898498535
NIR,M4_008,Lab_a,-11.800000000000036,-7.247552871704102,-7.277053340130081,0.07376024033382725,0.5727909803390503
NIR,M4_008,Lab_a,-11.600000000000037,-7.323280334472656,-7.283823522944408,0.07115485529400911,0.6235700845718384
NIR,M4_008,Lab_a,-11.400000000000038,-7.241855144500732,-7.291904150971993,0.06804516860565946,0.602558970451355
NIR,M4_008,Lab_a,-11.200000000000038,-7.2087249755859375,-7.301614651717392,0.0643082542467639,0.6233165264129639
NIR,M4_008,Lab_a,-11.000000000000039,-7.383987903594971,-7.312918329658165,0.059958233839709316,0.5953702926635742
NIR,M4_008,Lab_a,-10.80000000000004,-7.286786079406738,-7.325319247333699,0.0551859601392884,0.501489520072937
NIR,M4_008,Lab_a,-10.60000000000004,-7.324930191040039,-7.3378301456086685,0.050371362351572045,0.45588570833206177
NIR,M4_008,Lab_a,-10.400000000000041,-7.358625888824463,-7.348981747326996,0.04607986578733487,0.5618947148323059
NIR,M4_008,Lab_a,-10.200000000000042,-7.345991611480713,-7.356965999052128,0.04300726781335101,0.6234670877456665
NIR,M4_008,Lab_a,-10.000000000000043,-7.430703639984131,-7.359815478528812,0.04191069606581826,0.5730106234550476
NIR,M4_008,Lab_a,-9.800000000000043,-7.494674205780029,-7.355629959774365,0.043521418884652364,0.5721154808998108
NIR,M4_008,Lab_a,-9.600000000000044,-7.436891078948975,-7.342827456826159,0.048448235570148566,0.588838517665863
NIR,M4_008,Lab_a,-9.400000000000045,-7.422697067260742,-7.3203304937317215,0.05710579367383129,0.6072566509246826
NIR,M4_008,Lab_a,-9.200000000000045,-7.341468334197998,-7.287692835056527,0.06966581900536276,0.5847030282020569
NIR,M4_008,Lab_a,-9.000000000000046,-7.252684116363525,-7.245145464825175,0.08603942145074846,0.5869776010513306
NIR,M4_008,Lab_a,-8.800000000000047,-7.289422512054443,-7.193624561166548,0.10586632942523383,0.577423095703125
NIR,M4_008,Lab_a,-8.600000000000048,-7.251864910125732,-7.134797229148645,0.12850498704722904,0.672017514705658
NIR,M4_008,Lab_a,-8.400000000000048,-7.1539626121521,-7.071040858675945,0.15304049788619223,0.748708963394165
NIR,M4_008,Lab_a,-8.200000000000049,-6.940412998199463,-7.0053636499362035,0.17831520933791706,0.6555082201957703
NIR,M4_008,Lab_a,-8.00000000000005,-6.871942043304443,-6.941182606351696,0.20301414810824622,0.4564647972583771
NIR,M4_008,Lab_a,-7.8000000000000504,-6.850364685058594,-6.881972892327831,0.22579995867797586,0.5554946660995483
NIR,M4_008,Lab_a,-7.600000000000051,-6.7544169425964355,-6.8308124142826765,0.24548816323380016,0.6877888441085815
NIR,M4_008,Lab_a,-7.400000000000052,-6.593844413757324,-6.789938604078311,0.26121772572086716,0.8255866169929504
NIR,M4_008,Lab_a,-7.200000000000053,-6.533062934875488,-6.760455460759353,0.2725637916450363,0.8220484256744385
NIR,M4_008,Lab_a,-7.000000000000053,-6.7096147537231445,-6.742241865602854,0.279572971403318,0.7209682464599609
NIR,M4_008,Lab_a,-6.800000000000054,-6.737310409545898,-6.734061764875727,0.28272093839965423,0.636721670627594
NIR,M4_008,Lab_a,-6.600000000000055,-6.751852035522461,-6.733857359614564,0.28279960014692135,0.6045221090316772
NIR,M4_008,Lab_a,-6.400000000000055,-6.652074813842773,-6.739072288570149,0.2807927270303131,0.5405834913253784
NIR,M4_008,Lab_a,-6.200000000000056,-6.750471115112305,-6.746903656679584,0.27777896361015064,0.6667218804359436
NIR,M4_008,Lab_a,-6.000000000000057,-6.776618480682373,-6.754451851516604,0.2748741744123776,0.7325230240821838
NIR,M4_008,Lab_a,-5.8000000000000576,-6.747888088226318,-6.758779737926044,0.27320866392109133,0.6720996499061584
NIR,M4_008,Lab_a,-5.600000000000058,-6.891003608703613,-6.756915550175907,0.27392606358500327,0.45114052295684814
NIR,M4_008,Lab_a,-5.400000000000059,-6.8747663497924805,-6.745883288579512,0.27817163421535335,0.26975107192993164
NIR,M4_008,Lab_a,-5.20000000000006,-6.761780261993408,-6.722766383755233,0.28706776592225863,0.352508008480072
NIR,M4_008,Lab_a,-5.00000000000006,-6.713390827178955,-6.684885251048613,0.3016456494376548,0.36254748702049255
NIR,M4_008,Lab_a,-4.800000000000061,-6.9062581062316895,-6.630012707927474,0.32276237654317097,0.1934630572795868
NIR,M4_008,Lab_a,-4.600000000000062,-6.80126953125,-6.556661322943647,0.35099035890760405,0.4487111270427704
NIR,M4_008,Lab_a,-4.4000000000000625,-6.580047607421875,-6.4643450533319875,0.3865166414873093,0.5434333682060242
NIR,M4_008,Lab_a,-4.200000000000063,-6.397291660308838,-6.3537720350469415,0.429068710692555,0.5162913799285889
NIR,M4_008,Lab_a,-4.000000000000064,-6.468478679656982,-6.226904049101046,0.4778916098195654,0.6644003987312317
NIR,M4_008,Lab_a,-3.8000000000000647,-6.232893466949463,-6.086855113825026,0.5317869640245446,0.6387987732887268
NIR,M4_008,Lab_a,-3.6000000000000654,-5.876457214355469,-5.937666948660119,0.589199389109438,0.7082433104515076
NIR,M4_008,Lab_a,-3.400000000000066,-5.710158824920654,-5.783993399060014,0.6483379350134867,0.8755841851234436
NIR,M4_008,Lab_a,-3.200000000000067,-5.649235248565674,-5.630766905594413,0.7073044392760114,0.795814573764801
NIR,M4_008,Lab_a,-3.0000000000000675,-5.402930736541748,-5.482888967770679,0.7642126465565896,0.7433933019638062
NIR,M4_008,Lab_a,-2.800000000000068,-5.238916397094727,-5.344951112522535,0.8172955889739801,0.7001622319221497
NIR,M4_008,Lab_a,-2.600000000000069,-5.074066638946533,-5.220974539681089,0.8650057789389389,0.6776508092880249
NIR,M4_008,Lab_a,-2.4000000000000696,-5.013071060180664,-5.114139371987845,0.9061194024950735,0.6761600375175476
NIR,M4_008,Lab_a,-2.2000000000000703,-4.713181972503662,-5.026561604068915,0.9398221565586409,0.1703455001115799
NIR,M4_008,Lab_a,-2.000000000000071,-4.750537395477295,-4.959129560295063,0.9657721852168002,0.13237018883228302
NIR,M4_008,Lab_a,-1.8000000000000718,-4.791163444519043,-4.911529286447952,0.9840903081942284,0.2888738512992859
NIR,M4_008,Lab_a,-1.6000000000000725,-4.823750019073486,-4.88248528133256,0.9952673795524661,0.3987579941749573
NIR,M4_008,Lab_a,-1.4000000000000732,-4.7522873878479,-4.870187404001207,1.0,0.29014313220977783
NIR,M4_008,Lab_a,-1.200000000000074,-4.758371829986572,-4.872730607653839,0.9990212930829938,0.26578935980796814
NIR,M4_008,Lab_a,-1.0000000000000746,-4.934487342834473,-4.8884271844488,0.9929807432958585,0.32225027680397034
NIR,M4_008,Lab_a,-0.8000000000000753,-4.965836524963379,-4.915808656072692,0.9824434685289012,0.35314926505088806
NIR,M4_008,Lab_a,-0.600000000000076,-4.781392574310303,-4.9533320062274075,0.9680032712966977,0.5121131539344788
NIR,M4_008,Lab_a,-0.40000000000007674,-4.759031772613525,-4.998892317517444,0.9504701918068312,0.5113109350204468
NIR,M4_008,Lab_a,-0.20000000000007745,-4.843672275543213,-5.04946577336021,0.9310078923566871,0.4844755530357361
NIR,M4_008,Lab_a,-7.815970093361102e-14,-5.188000202178955,-5.101172912458878,0.9111093149690302,0.3234795033931732
NIR,M4_008,Lab_a,0.19999999999992113,-5.336075782775879,-5.149841903257032,0.8923799151867635,0.31308257579803467
NIR,M4_008,Lab_a,0.3999999999999204,-5.470303058624268,-5.191956058474505,0.876173027872585,0.4923619031906128
NIR,M4_008,Lab_a,0.5999999999999197,-5.403763771057129,-5.2256435253762215,0.8632090024242072,0.550123929977417
NIR,M4_008,Lab_a,0.799999999999919,-5.37870979309082,-5.251269094776499,0.8533474555526779,0.4736049175262451
NIR,M4_008,Lab_a,0.9999999999999183,-5.287725925445557,-5.271415014082973,0.8455946550428602,0.6632497906684875
NIR,M4_008,Lab_a,1.1999999999999176,-5.179408073425293,-5.290187526087601,0.8383703860270868,0.5761844515800476
NIR,M4_008,Lab_a,1.3999999999999169,-5.0916748046875,-5.312214235521457,0.8298937967222973,0.7091971635818481
NIR,M4_008,Lab_a,1.5999999999999162,-5.132493495941162,-5.341629373381163,0.8185739014955854,0.6013059020042419
NIR,M4_008,Lab_a,1.7999999999999154,-5.275978088378906,-5.381435274295424,0.803255304999338,0.5435100197792053
NIR,M4_008,Lab_a,1.9999999999999147,-5.492253303527832,-5.4332649107940965,0.7833095866552047,0.7007794976234436
NIR,M4_008,Lab_a,2.199999999999914,-5.488732814788818,-5.4974509588269065,0.7586087220115131,0.8531516194343567
NIR,M4_008,Lab_a,2.3999999999999133,-5.450348377227783,-5.573167876710505,0.7294704061749585,0.904495358467102
NIR,M4_008,Lab_a,2.5999999999999126,-5.530613899230957,-5.658442492543973,0.6966539794311188,0.7956562042236328
NIR,M4_008,Lab_a,2.799999999999912,-5.553178787231445,-5.750132783955201,0.6613685934835111,0.8210297226905823
NIR,M4_008,Lab_a,2.999999999999911,-5.757839679718018,-5.844072534145723,0.6252175431348097,1.044812798500061
NIR,M4_008,Lab_a,3.1999999999999105,-5.993383407592773,-5.935559297983685,0.5900104811718151,1.1250989437103271
NIR,M4_008,Lab_a,3.3999999999999098,-6.289751052856445,-6.020257291106664,0.5574159574732445,1.2476886510849
NIR,M4_008,Lab_a,3.599999999999909,-6.525413990020752,-6.095225387265793,0.5285658124249728,1.2437385320663452
NIR,M4_008,Lab_a,3.7999999999999083,-6.344708442687988,-6.1597204459468005,0.5037460305020824,1.2808383703231812
NIR,M4_008,Lab_a,3.9999999999999076,-6.225304126739502,-6.21536594575345,0.48233184469565893,1.0794763565063477
NIR,M4_008,Lab_a,4.199999999999907,-6.083524703979492,-6.265608615598499,0.462996842382604,0.9585498571395874
NIR,M4_008,Lab_a,4.399999999999906,-6.185850143432617,-6.3146073851236,0.4441405330935776,0.9169549345970154
NIR,M4_008,Lab_a,4.5999999999999055,-6.184364318847656,-6.366005640443933,0.42436082416149834,0.986443817615509
NIR,M4_008,Lab_a,4.799999999999905,-6.398218154907227,-6.422000258146866,0.4028122865112538,0.9465839862823486
NIR,M4_008,Lab_a,4.999999999999904,-6.528738021850586,-6.482975993957549,0.37934685371128973,0.8823295831680298
NIR,M4_008,Lab_a,5.199999999999903,-6.450438976287842,-6.547677071989918,0.35444778888708456,0.6113844513893127
NIR,M4_008,Lab_a,5.399999999999903,-6.648715496063232,-6.613771614669956,0.3290124738542636,0.4061102867126465
NIR,M4_008,Lab_a,5.599999999999902,-6.763763427734375,-6.678521017087653,0.30409481224559265,0.3527071177959442
NIR,M4_008,Lab_a,5.799999999999901,-6.8134684562683105,-6.73939590945033,0.2806681872619021,0.325302392244339
NIR,M4_008,Lab_a,5.9999999999999005,-6.884803295135498,-6.794495127193963,0.2594642284395258,0.23842200636863708
NIR,M4_008,Lab_a,6.1999999999999,-6.856915473937988,-6.842741897290099,0.24089731282211965,0.4243312478065491
NIR,M4_008,Lab_a,6.399999999999899,-6.94890022277832,-6.883908663030825,0.22505501158150681,0.40964630246162415
NIR,M4_008,Lab_a,6.599999999999898,-7.032728672027588,-6.918438635460584,0.21176676279102372,0.4996168315410614
NIR,M4_008,Lab_a,6.799999999999898,-7.0357346534729,-6.947154959057071,0.20071579386614607,0.47941505908966064
NIR,M4_008,Lab_a,6.999999999999897,-6.866399765014648,-6.970925221746716,0.1915682289476488,0.4896797835826874
NIR,M4_008,Lab_a,7.199999999999896,-6.905858993530273,-6.990332627104503,0.18409963246102765,0.6029272675514221
NIR,M4_008,Lab_a,7.3999999999998956,-7.040215969085693,-7.005531931560956,0.17825044913281915,0.5176246762275696
NIR,M4_008,Lab_a,7.599999999999895,-7.1435394287109375,-7.0162983054244075,0.1741072006909061,0.5742586851119995
NIR,M4_008,Lab_a,7.799999999999894,-7.075193881988525,-7.0222664019804615,0.1718104843525483,0.49618449807167053
NIR,M4_008,Lab_a,7.999999999999893,-7.118330478668213,-7.023274372271136,0.17142258482488,0.49156472086906433
NIR,M4_008,Lab_a,8.199999999999893,-7.048385143280029,-7.0196849302402615,0.17280391806580014,0.4964936077594757
NIR,M4_008,Lab_a,8.399999999999892,-7.029223442077637,-7.012566768079068,0.17554321679884569,0.6116918921470642
NIR,M4_008,Lab_a,8.599999999999891,-6.958167552947998,-7.003675497810813,0.17896486480706056,0.7301548719406128
NIR,M4_008,Lab_a,8.79999999999989,-7.028167247772217,-6.995293469870003,0.18219053991794715,0.7922447919845581
NIR,M4_008,Lab_a,8.99999999999989,-7.031147480010986,-6.98983907086762,0.18428956884401013,0.8180727362632751
NIR,M4_008,Lab_a,9.19999999999989,-6.822067737579346,-6.989451944463966,0.1844385475892319,0.6409002542495728
NIR,M4_008,Lab_a,9.399999999999888,-6.851783275604248,-6.99560200746542,0.1820718046847388,0.7590657472610474
NIR,M4_008,Lab_a,9.599999999999888,-6.924103260040283,-7.008843835314941,0.17697592158598666,0.7841416597366333
NIR,M4_008,Lab_a,9.799999999999887,-6.899099826812744,-7.0288094623312745,0.16929250337328128,0.751713752746582
NIR,M4_008,Lab_a,9.999999999999886,-7.116464614868164,-7.054471243159896,0.15941702117441073,0.7743294835090637
NIR,M4_008,Lab_a,10.19999999999989,-7.199021816253662,-7.084560810894227,0.147837583546268,0.7894366979598999
NIR,M4_008,Lab_a,10.399999999999885,-7.114055156707764,-7.1179948562658595,0.13497108288877954,0.902734637260437
NIR,M4_008,Lab_a,10.59999999999988,-7.165578842163086,-7.154142863494533,0.12106016204133567,0.8422242403030396
NIR,M4_008,Lab_a,10.799999999999883,-7.0611653327941895,-7.192807092783764,0.1061809176650849,0.9919670820236206
NIR,M4_008,Lab_a,10.999999999999886,-7.193199634552002,-7.233994228169863,0.09033077752694493,0.7596201300621033
NIR,M4_008,Lab_a,11.199999999999882,-7.3008575439453125,-7.277583961193119,0.07355604020845906,0.7009193301200867
NIR,M4_008,Lab_a,11.399999999999878,-7.328603744506836,-7.323128758130336,0.05602893114270764,0.50799959897995
NIR,M4_008,Lab_a,11.59999999999988,-7.121805191040039,-7.369841677384319,0.03805229087635994,0.6560513377189636
NIR,M4_008,Lab_a,11.799999999999883,-7.559741020202637,-7.416809728854577,0.019977467491817762,1.087090015411377
NIR,M4_008,Lab_a,11.99999999999988,-7.701791763305664,-7.463243317288458,0.0021083227480896043,0.8952486515045166
NIR,M4_008,Lab_a,12.199999999999875,-7.595169544219971,-7.508605872139512,-0.015348653676057183,0.7211287021636963
NIR,M4_008,Lab_a,12.399999999999878,-7.405838489532471,-7.5524798758700085,-0.032232787545303135,0.7315345406532288
NIR,M4_008,Lab_a,12.59999999999988,-7.474533557891846,-7.594221516303796,-0.04829631913761417,0.7364349365234375
NIR,M4_008,Lab_a,12.799999999999876,-7.519576549530029,-7.63256747236939,-0.06305308169643378,0.778261661529541
NIR,M4_008,Lab_a,12.999999999999872,-7.7494707107543945,-7.665468145859041,-0.07571432362456672,0.8797749280929565
NIR,M4_008,Lab_a,13.199999999999875,-7.873843193054199,-7.690308584386507,-0.08527372677465998,1.031963586807251
NIR,M4_008,Lab_a,13.399999999999878,-7.8947672843933105,-7.704496024786775,-0.0907335121284541,0.9212109446525574
NIR,M4_008,Lab_a,13.599999999999874,-7.929903030395508,-7.70618714698375,-0.09138431057708388,0.9934749007225037
NIR,M4_008,Lab_a,13.79999999999987,-7.777717113494873,-7.694879510703867,-0.08703276687327581,0.8879679441452026
NIR,M4_008,Lab_a,13.999999999999872,-7.768793106079102,-7.671674630870929,-0.07810277954123859,0.8757838010787964
NIR,M4_008,Lab_a,14.199999999999875,-7.661031723022461,-7.639126190182192,-0.06557708817284719,0.7281829118728638
NIR,M4_008,Lab_a,14.39999999999987,-7.594592571258545,-7.6008103065634405,-0.050831898462983326,0.7994937896728516
NIR,M4_008,Lab_a,14.599999999999866,-7.462254047393799,-7.560722342326006,-0.03540475488866862,0.8863795399665833
NIR,M4_008,Lab_a,14.79999999999987,-7.497402667999268,-7.522648478843665,-0.020752702345116603,0.9771267771720886
NIR,M4_008,Lab_a,14.999999999999872,-7.541215896606445,-7.4896014339422505,-0.008035131969595382,0.9030768275260925
NIR,M4_008,Lab_a,15.199999999999868,-7.382811069488525,-7.463400429538058,0.002047860879347642,0.8502514958381653
NIR,M4_008,Lab_a,15.399999999999864,-7.0673418045043945,-7.4443800396657736,0.009367521305634872,0.6762516498565674
NIR,M4_008,Lab_a,15.599999999999866,-7.315176486968994,-7.431410936924266,0.014358450973159504,0.6071596741676331
NIR,M4_008,Lab_a,15.79999999999987,-7.547531604766846,-7.422267515525566,0.017877134881445458,0.5393933057785034
NIR,M4_008,Lab_a,15.999999999999865,-7.5745744705200195,-7.41428914652896,0.020947468991466652,0.6522254347801208
NIR,M4_008,Lab_a,16.19999999999986,-7.5644683837890625,-7.405202959848439,0.024444127131380968,0.7256759405136108
NIR,M4_008,Lab_a,16.399999999999864,-7.4137492179870605,-7.39378641847306,0.028837581033826994,0.6924195885658264
NIR,M4_008,Lab_a,16.599999999999866,-7.364375114440918,-7.380171061626529,0.034077210156495896,0.7727335691452026
NIR,M4_008,Lab_a,16.799999999999862,-7.370752334594727,-7.36572771532338,0.03963547636808249,0.7182594537734985
NIR,M4_008,Lab_a,16.999999999999858,-7.3069000244140625,-7.35261602144386,0.04468127971154395,0.6685805320739746
NIR,M4_008,Lab_a,17.19999999999986,-7.189274311065674,-7.343204919707489,0.04830297566047186,0.7343757152557373
NIR,M4_008,Lab_a,17.399999999999864,-7.209280014038086,-7.339576515054107,0.04969930297711727,0.8393863439559937
NIR,M4_008,Lab_a,17.59999999999986,-7.42109489440918,-7.343215706038554,0.04829882473185422,0.7742540240287781
NIR,M4_008,Lab_a,17.799999999999855,-7.353532314300537,-7.354908281548858,0.043799143977735565,0.8233880400657654
NIR,M4_008,Lab_a,17.999999999999858,-7.242503643035889,-7.3747628392318525,0.03615846883230017,0.8559300303459167
NIR,M4_008,Lab_a,18.19999999999986,-7.231133937835693,-7.402362203156241,0.025537342069676734,0.7701131105422974
NIR,M4_008,Lab_a,18.399999999999856,-7.316676139831543,-7.436959469488711,0.01222319641167886,0.7166134715080261
NIR,M4_008,Lab_a,18.599999999999852,-7.5221333503723145,-7.4776762664639795,-0.003445942312934274,0.6746057868003845
NIR,M4_008,Lab_a,18.799999999999855,-7.82877779006958,-7.523659669190667,-0.02114184105447476,0.7271849513053894
NIR,M4_008,Lab_a,18.999999999999858,-7.43873405456543,-7.5741453653186115,-0.04057036773150989,0.9283279180526733
NIR,M4_008,Lab_a,19.199999999999854,-7.40847635269165,-7.628317055775245,-0.06141738409253075,0.9913094639778137
NIR,M4_008,Lab_a,19.39999999999985,-7.585354804992676,-7.685070402083387,-0.08325790501878214,1.2737833261489868
NIR,M4_008,Lab_a,19.599999999999852,-7.746544361114502,-7.742819152354878,-0.10548148954402504,1.1569123268127441
NIR,M4_008,Lab_a,19.799999999999855,-7.9145002365112305,-7.799471931949413,-0.12728330915033872,0.9753953814506531
NIR,M4_008,Lab_a,19.99999999999985,-7.936232089996338,-7.852670760968938,-0.14775593700464243,0.7983460426330566
NIR,M4_008,Lab_a,20.199999999999847,-8.010687828063965,-7.900216521973255,-0.16605308167927035,0.8069893717765808
NIR,M4_008,Lab_a,20.39999999999985,-7.971972465515137,-7.940531687105379,-0.18156765949698592,0.8265443444252014
NIR,M4_008,Lab_a,20.599999999999852,-8.012557983398438,-7.972990120640874,-0.19405871320536666,0.9705581665039062
NIR,M4_008,Lab_a,20.799999999999848,-8.215882301330566,-7.997998590939473,-0.20368278040881416,0.9104080200195312
NIR,M4_008,Lab_a,20.999999999999844,-8.081972122192383,-8.016805923558959,-0.210920449521973,0.4929750859737396
NIR,M4_008,Lab_a,21.199999999999847,-7.879785537719727,-8.031093405954252,-0.216418734267045,0.6508685946464539
NIR,M4_008,Lab_a,21.39999999999985,-7.963547229766846,-8.042521542414534,-0.22081665033271025,0.6701754927635193
NIR,M4_008,Lab_a,21.599999999999845,-8.0813627243042,-8.052361622745137,-0.2246034311017184,0.654069185256958
NIR,M4_008,Lab_a,21.79999999999984,-8.086197853088379,-8.061316818353259,-0.22804967964565323,0.6846557855606079
NIR,M4_008,Lab_a,21.999999999999844,-8.097546577453613,-8.06956070050156,-0.23122219179314743,0.5277397632598877
UV,M4_010,Lab_a,-22.0,5.268461227416992,5.519952073440165,-0.10261935152032119,0.9832713603973389
UV,M4_010,Lab_a,-21.8,5.435849189758301,5.607756623614137,-0.09053598207700315,0.9041951894760132
UV,M4_010,Lab_a,-21.6,5.640040397644043,5.7079317981259,-0.07675020855756552,0.8513220548629761
UV,M4_010,Lab_a,-21.400000000000002,5.840576171875,5.816801652574019,-0.061767902174463825,0.7999240756034851
UV,M4_010,Lab_a,-21.200000000000003,5.982821464538574,5.929818329095436,-0.04621492396367103,0.7561358213424683
UV,M4_010,Lab_a,-21.000000000000004,6.110558986663818,6.042135857817584,-0.03075816014196537,0.7396669983863831
UV,M4_010,Lab_a,-20.800000000000004,6.216978549957275,6.149144356519724,-0.016032007330626707,0.6999256014823914
UV,M4_010,Lab_a,-20.600000000000005,6.324946403503418,6.2468882319998125,-0.0025808210776654206,0.6681085228919983
UV,M4_010,Lab_a,-20.400000000000006,6.454677104949951,6.332359287657045,0.009181420630428686,0.6189833879470825
UV,M4_010,Lab_a,-20.200000000000006,6.5669660568237305,6.403701676580915,0.0189993223294631,0.6118512153625488
UV,M4_010,Lab_a,-20.000000000000007,6.633540630340576,6.460361089999415,0.0267966018943708,0.630405604839325
UV,M4_010,Lab_a,-19.800000000000008,6.637972831726074,6.503165080839855,0.03268714439984058,0.5818597078323364
UV,M4_010,Lab_a,-19.60000000000001,6.612668991088867,6.534296101776459,0.03697129170632218,0.5338594913482666
UV,M4_010,Lab_a,-19.40000000000001,6.5886759757995605,6.5571137043632275,0.040111374097501776,0.4759182333946228
UV,M4_010,Lab_a,-19.20000000000001,6.5577473640441895,6.57580932601036,0.04268420321498134,0.43484213948249817
UV,M4_010,Lab_a,-19.00000000000001,6.547567367553711,6.594914659206363,0.04531341546978581,0.42053717374801636
UV,M4_010,Lab_a,-18.80000000000001,6.537441730499268,6.618716855377399,0.04858899434727102,0.42320096492767334
UV,M4_010,Lab_a,-18.600000000000012,6.535921096801758,6.650660582703889,0.05298498359746146,0.4246653914451599
UV,M4_010,Lab_a,-18.400000000000013,6.520428657531738,6.692849315173699,0.05879085629731546,0.41182199120521545
UV,M4_010,Lab_a,-18.200000000000014,6.580304145812988,6.74573450578185,0.06606873990280543,0.31851816177368164
UV,M4_010,Lab_a,-18.000000000000014,6.710916519165039,6.808094619241039,0.07465053080044821,0.3542104959487915
UV,M4_010,Lab_a,-17.800000000000015,6.854045391082764,6.877336712647299,0.0841793968330036,0.4441697597503662
UV,M4_010,Lab_a,-17.600000000000016,7.012485980987549,6.950067722743563,0.09418839594794202,0.5643860697746277
UV,M4_010,Lab_a,-17.400000000000016,7.146154880523682,7.022795611691283,0.104196965540824,0.6959044933319092
UV,M4_010,Lab_a,-17.200000000000017,7.19029426574707,7.092585639938503,0.11380123653930735,0.7103392481803894
UV,M4_010,Lab_a,-17.000000000000018,7.208585739135742,7.157516038741672,0.1227367415363279,0.6919893026351929
UV,M4_010,Lab_a,-16.80000000000002,7.240513801574707,7.216858988340632,0.13090332040313685,0.6560109853744507
UV,M4_010,Lab_a,-16.60000000000002,7.297419548034668,7.271006253003195,0.13835488643207847,0.5948888659477234
UV,M4_010,Lab_a,-16.40000000000002,7.352766036987305,7.321218077728771,0.145264870338153,0.549911618232727
UV,M4_010,Lab_a,-16.20000000000002,7.384686470031738,7.3692863713976635,0.15187986864701405,0.4957056939601898
UV,M4_010,Lab_a,-16.00000000000002,7.412101745605469,7.417164727864823,0.1584687284314476,0.42328646779060364
UV,M4_010,Lab_a,-15.800000000000022,7.433150768280029,7.466600234788628,0.1652718780699855,0.4141811430454254
UV,M4_010,Lab_a,-15.600000000000023,7.431156635284424,7.518805089014205,0.17245613605083443,0.4438997209072113
UV,M4_010,Lab_a,-15.400000000000023,7.47882080078125,7.574227671042776,0.18008320700361435,0.488004595041275
UV,M4_010,Lab_a,-15.200000000000024,7.584856033325195,7.632510872415145,0.18810394685281645,0.5118668079376221
UV,M4_010,Lab_a,-15.000000000000025,7.688000202178955,7.692702999466207,0.19638738668931727,0.5099437236785889
UV,M4_010,Lab_a,-14.800000000000026,7.808045864105225,7.753714689914926,0.20478361210807416,0.5224997997283936
UV,M4_010,Lab_a,-14.600000000000026,7.916472911834717,7.814901483938746,0.2132039346970188,0.5496436953544617
UV,M4_010,Lab_a,-14.400000000000027,7.96299409866333,7.876581887324294,0.22169218616056754,0.6222603917121887
UV,M4_010,Lab_a,-14.200000000000028,7.9565277099609375,7.9402957881611655,0.23046028076342634,0.6989098191261292
UV,M4_010,Lab_a,-14.000000000000028,7.924630641937256,8.008678354022917,0.23987086148108155,0.7557278871536255
UV,M4_010,Lab_a,-13.80000000000003,7.931980609893799,8.084958984013975,0.2503683474510537,0.8134390711784363
UV,M4_010,Lab_a,-13.60000000000003,8.0021333694458,8.172228280857832,0.26237805711568446,0.8325735926628113
UV,M4_010,Lab_a,-13.40000000000003,8.099308013916016,8.272679310816935,0.2762017929420477,0.8551399111747742
UV,M4_010,Lab_a,-13.200000000000031,8.253434181213379,8.387024860863466,0.29193764629673197,0.8474817276000977
UV,M4_010,Lab_a,-13.000000000000032,8.414745330810547,8.51422078210994,0.3094419248911677,0.8407917022705078
UV,M4_010,Lab_a,-12.800000000000033,8.568582534790039,8.651547537186751,0.3283403750598361,0.849764883518219
UV,M4_010,Lab_a,-12.600000000000033,8.756501197814941,8.795013264294392,0.3480836500912677,0.8449376821517944
UV,M4_010,Lab_a,-12.400000000000034,8.99319076538086,8.939990698517185,0.3680349612156613,0.8025879859924316
UV,M4_010,Lab_a,-12.200000000000035,9.203987121582031,9.081968800645573,0.38757351425738035,0.7754652500152588
UV,M4_010,Lab_a,-12.000000000000036,9.364266395568848,9.217285889107963,0.4061954008070582,0.6801680326461792
UV,M4_010,Lab_a,-11.800000000000036,9.491558074951172,9.343701864296278,0.42359234582541033,0.6165888905525208
UV,M4_010,Lab_a,-11.600000000000037,9.578057289123535,9.460699537402142,0.4396931755130018,0.5914930701255798
UV,M4_010,Lab_a,-11.400000000000038,9.626974105834961,9.569468140575308,0.4546615480332292,0.5259135365486145
UV,M4_010,Lab_a,-11.200000000000038,9.669687271118164,9.672594495950234,0.46885345322344013,0.43955788016319275
UV,M4_010,Lab_a,-11.000000000000039,9.730615615844727,9.77355983374317,0.4827479663791271,0.32514244318008423
UV,M4_010,Lab_a,-10.80000000000004,9.81341552734375,9.876176261798078,0.49686969707172024,0.25793230533599854
UV,M4_010,Lab_a,-10.60000000000004,9.897906303405762,9.984086951553248,0.5117200064077565,0.30054768919944763
UV,M4_010,Lab_a,-10.400000000000041,9.996543884277344,10.100403187822689,0.5277270590299171,0.36866798996925354
UV,M4_010,Lab_a,-10.200000000000042,10.144103050231934,10.227487654984557,0.5452159996848317,0.4315392076969147
UV,M4_010,Lab_a,-10.000000000000043,10.26423454284668,10.366849453710351,0.5643945057753768,0.4736172556877136
UV,M4_010,Lab_a,-9.800000000000043,10.393449783325195,10.519107724364588,0.5853477813342237,0.4752741754055023
UV,M4_010,Lab_a,-9.600000000000044,10.563968658447266,10.683987815672998,0.6080380297687302,0.44957971572875977
UV,M4_010,Lab_a,-9.400000000000045,10.765755653381348,10.860351165994995,0.6323085660220293,0.43419015407562256
UV,M4_010,Lab_a,-9.200000000000045,10.98128890991211,11.046272339288823,0.6578944180057049,0.44254353642463684
UV,M4_010,Lab_a,-9.000000000000046,11.212952613830566,11.239181375587444,0.6844419163976693,0.4681571424007416
UV,M4_010,Lab_a,-8.800000000000047,11.44417953491211,11.436064759310678,0.7115363512312252,0.49716106057167053
UV,M4_010,Lab_a,-8.600000000000048,11.67052936553955,11.633709477799517,0.7387355584168359,0.490291953086853
UV,M4_010,Lab_a,-8.400000000000048,11.873618125915527,11.828962088996079,0.7656055717724758,0.4921249747276306
UV,M4_010,Lab_a,-8.200000000000049,12.068096160888672,12.018972402629913,0.7917541576160251,0.49250248074531555
UV,M4_010,Lab_a,-8.00000000000005,12.287814140319824,12.201400735565025,0.8168593365551117,0.45755136013031006
UV,M4_010,Lab_a,-7.8000000000000504,12.4906587600708,12.374557949155028,0.8406886549610244,0.4233850836753845
UV,M4_010,Lab_a,-7.600000000000051,12.656079292297363,12.537444776978788,0.8631045971205693,0.41012659668922424
UV,M4_010,Lab_a,-7.400000000000052,12.7864408493042,12.689662269865266,0.8840522609789757,0.45207345485687256
UV,M4_010,Lab_a,-7.200000000000053,12.886417388916016,12.83118570009811,0.9035282435903645,0.5245507955551147
UV,M4_010,Lab_a,-7.000000000000053,12.98429012298584,12.96204932593875,0.9215372594624522,0.5944400429725647
UV,M4_010,Lab_a,-6.800000000000054,13.105385780334473,13.082037230367579,0.9380495948148956,0.6479743719100952
UV,M4_010,Lab_a,-6.600000000000055,13.242569923400879,13.190479637917674,0.9529730773810541,0.6989618539810181
UV,M4_010,Lab_a,-6.400000000000055,13.404409408569336,13.286242239666954,0.966151607349002,0.736490786075592
UV,M4_010,Lab_a,-6.200000000000056,13.521219253540039,13.367909199400842,0.9773903420594687,0.7220605611801147
UV,M4_010,Lab_a,-6.000000000000057,13.594002723693848,13.43409053209748,0.9864979964081345,0.6871808171272278
UV,M4_010,Lab_a,-5.8000000000000576,13.633131980895996,13.483741340532797,0.9933307751228438,0.6663261651992798
UV,M4_010,Lab_a,-5.600000000000058,13.647797584533691,13.516386388836946,0.9978232778276857,0.6861705780029297
UV,M4_010,Lab_a,-5.400000000000059,13.650277137756348,13.532203674908544,1.0,0.7065363526344299
UV,M4_010,Lab_a,-5.20000000000006,13.621389389038086,13.53198596455325,0.9999700394267786,0.6964806318283081
UV,M4_010,Lab_a,-5.00000000000006,13.60221004486084,13.517036801346347,0.9979127854286708,0.7028636932373047
UV,M4_010,Lab_a,-4.800000000000061,13.583337783813477,13.489071583638726,0.9940643054073681,0.7176963090896606
UV,M4_010,Lab_a,-4.600000000000062,13.52807331085205,13.450142955930618,0.9887070774552125,0.7611356377601624
UV,M4_010,Lab_a,-4.4000000000000625,13.469616889953613,13.402563020677958,0.9821592854033437,0.8236246109008789
UV,M4_010,Lab_a,-4.200000000000063,13.397289276123047,13.348765679238888,0.9747558746417304,0.8756197690963745
UV,M4_010,Lab_a,-4.000000000000064,13.283313751220703,13.291062140126941,0.9668149059801395,0.9158608317375183
UV,M4_010,Lab_a,-3.8000000000000647,13.180142402648926,13.231296414656072,0.9585901461074272,0.9509187340736389
UV,M4_010,Lab_a,-3.6000000000000654,13.092238426208496,13.170477302029465,0.9502204226064701,0.9850378632545471
UV,M4_010,Lab_a,-3.400000000000066,13.056360244750977,13.1085089023967,0.9416925380595959,1.0423156023025513
UV,M4_010,Lab_a,-3.200000000000067,13.052794456481934,13.044135634157989,0.9328337035133114,1.1574369668960571
UV,M4_010,Lab_a,-3.0000000000000675,13.046135902404785,12.975155458794628,0.9233408817685514,1.3084053993225098
UV,M4_010,Lab_a,-2.800000000000068,13.035985946655273,12.898867464874106,0.9128423823991586,1.457273244857788
UV,M4_010,Lab_a,-2.600000000000069,12.9578857421875,12.812648907569038,0.9009772720065556,1.5949817895889282
UV,M4_010,Lab_a,-2.4000000000000696,12.821196556091309,12.714529673665204,0.8874744301788117,1.7011921405792236
UV,M4_010,Lab_a,-2.2000000000000703,12.712578773498535,12.603650729547503,0.8722156395739445,1.7562975883483887
UV,M4_010,Lab_a,-2.000000000000071,12.589122772216797,12.48053164467263,0.8552724016082736,1.818008303642273
UV,M4_010,Lab_a,-1.8000000000000718,12.462930679321289,12.347111249047765,0.836911531603079,1.8916045427322388
UV,M4_010,Lab_a,-1.6000000000000725,12.286261558532715,12.206557506086831,0.8175689941209887,1.9869087934494019
UV,M4_010,Lab_a,-1.4000000000000732,12.053585052490234,12.062856558312564,0.7977933488056719,2.044975519180298
UV,M4_010,Lab_a,-1.200000000000074,11.812966346740723,11.92023808327252,0.7781666697789361,2.088062047958374
UV,M4_010,Lab_a,-1.0000000000000746,11.621484756469727,11.782537741067499,0.7592168077952707,2.133573293685913
UV,M4_010,Lab_a,-0.8000000000000753,11.510440826416016,11.652623561106157,0.7413384514995178,2.1268744468688965
UV,M4_010,Lab_a,-0.600000000000076,11.447943687438965,11.53200288966827,0.7247390368610142,2.0700087547302246
UV,M4_010,Lab_a,-0.40000000000007674,11.368638038635254,11.420679490078067,0.7094190817758927,1.996673345565796
UV,M4_010,Lab_a,-0.20000000000007745,11.276053428649902,11.317255965383573,0.6951862811347235,1.9267938137054443
UV,M4_010,Lab_a,-7.815970093361102e-14,11.170193672180176,11.219224152480344,0.6816954698936099,1.8620399236679077
UV,M4_010,Lab_a,0.19999999999992113,11.112064361572266,11.123365691260386,0.668503748064915,1.7706409692764282
UV,M4_010,Lab_a,0.3999999999999204,11.079156875610352,11.026215670081754,0.6551342860609338,1.6219209432601929
UV,M4_010,Lab_a,0.5999999999999197,11.019824028015137,10.92455182306513,0.641143646394802,1.4072469472885132
UV,M4_010,Lab_a,0.799999999999919,10.933547019958496,10.81588277619838,0.6261889744815302,1.201486587524414
UV,M4_010,Lab_a,0.9999999999999183,10.814055442810059,10.698905557447697,0.6100909596541012,1.0364598035812378
UV,M4_010,Lab_a,1.1999999999999176,10.660602569580078,10.573874057644721,0.5928845415222611,0.9117568731307983
UV,M4_010,Lab_a,1.3999999999999169,10.520383834838867,10.442790962208385,0.5748453229761534,0.9113677144050598
UV,M4_010,Lab_a,1.5999999999999162,10.35571002960205,10.309355773627855,0.5564824172137218,0.9451218247413635
UV,M4_010,Lab_a,1.7999999999999154,10.151101112365723,10.178621039119479,0.53849113893704,1.0419096946716309
UV,M4_010,Lab_a,1.9999999999999147,9.915014266967773,10.056372517180284,0.5216677049400086,1.1528682708740234
UV,M4_010,Lab_a,2.199999999999914,9.718253135681152,9.948311595254236,0.5067967211535095,1.3199841976165771
UV,M4_010,Lab_a,2.3999999999999133,9.602287292480469,9.859187037923412,0.49453169672633873,1.5532969236373901
UV,M4_010,Lab_a,2.5999999999999126,9.533464431762695,9.792041857878225,0.4852914009191561,1.7446866035461426
UV,M4_010,Lab_a,2.799999999999912,9.529327392578125,9.747714194850365,0.4791911757273721,1.8933815956115723
UV,M4_010,Lab_a,2.999999999999911,9.589959144592285,9.72466833850022,0.4760196818143038,2.0437135696411133
UV,M4_010,Lab_a,3.1999999999999105,9.603803634643555,9.719165733963932,0.4752624317244087,2.0726778507232666
UV,M4_010,Lab_a,3.3999999999999098,9.643855094909668,9.72571520730455,0.47616374840876097,2.052304983139038
UV,M4_010,Lab_a,3.599999999999909,9.747651100158691,9.737720927914902,0.47781593565054636,1.9727202653884888
UV,M4_010,Lab_a,3.7999999999999083,9.851256370544434,9.748238978277458,0.47926339467291335,1.8692090511322021
UV,M4_010,Lab_a,3.9999999999999076,9.910639762878418,9.75075284445764,0.479609344555078,1.7287105321884155
UV,M4_010,Lab_a,4.199999999999907,9.94558048248291,9.739870423268053,0.4781117420343541,1.6274497509002686
UV,M4_010,Lab_a,4.399999999999906,9.935942649841309,9.711852955652834,0.47425607155497557,1.5815730094909668
UV,M4_010,Lab_a,4.5999999999999055,9.856898307800293,9.664895252183378,0.4677939089665109,1.568666934967041
UV,M4_010,Lab_a,4.799999999999905,9.72525405883789,9.599130805058731,0.4587436250203127,1.526940107345581
UV,M4_010,Lab_a,4.999999999999904,9.62143325805664,9.516379544159594,0.4473556723986834,1.5111044645309448
UV,M4_010,Lab_a,5.199999999999903,9.500176429748535,9.419719082547452,0.4340535819499882,1.5061510801315308
UV,M4_010,Lab_a,5.399999999999903,9.340932846069336,9.312976118138161,0.41936397108270607,1.523153305053711
UV,M4_010,Lab_a,5.599999999999902,9.18604564666748,9.20022612808517,0.4038476933745312,1.5490813255310059
UV,M4_010,Lab_a,5.799999999999901,9.064448356628418,9.085357141687732,0.388039806454439,1.592352271080017
UV,M4_010,Lab_a,5.9999999999999005,8.922867774963379,8.971714795346394,0.3724007256490921,1.6167798042297363
UV,M4_010,Lab_a,6.1999999999999,8.785294532775879,8.86182795368096,0.35727846487590925,1.6461312770843506
UV,M4_010,Lab_a,6.399999999999899,8.688681602478027,8.757216379233327,0.3428821687888231,1.6589113473892212
UV,M4_010,Lab_a,6.599999999999898,8.588170051574707,8.658287132747676,0.32926785573025513,1.671657919883728
UV,M4_010,Lab_a,6.799999999999898,8.48419189453125,8.56436035135412,0.3163419652388016,1.6669684648513794
UV,M4_010,Lab_a,6.999999999999897,8.445042610168457,8.473852156075676,0.3038865291705055,1.6078556776046753
UV,M4_010,Lab_a,7.199999999999896,8.408507347106934,8.384620912312775,0.29160682291225837,1.5401164293289185
UV,M4_010,Lab_a,7.3999999999998956,8.37172794342041,8.294442702128263,0.2791967982923767,1.4651180505752563
UV,M4_010,Lab_a,7.599999999999895,8.291681289672852,8.20152690830108,0.2664100365390452,1.3458188772201538
UV,M4_010,Lab_a,7.799999999999894,8.188175201416016,8.104962571047993,0.2531211744041523,1.2574429512023926
UV,M4_010,Lab_a,7.999999999999893,8.050738334655762,8.004995814548472,0.239364082676667,1.212326169013977
UV,M4_010,Lab_a,8.199999999999893,7.9010114669799805,7.903080785964214,0.22533887624066895,1.1857273578643799
UV,M4_010,Lab_a,8.399999999999892,7.774799823760986,7.80170780867744,0.21138826509696224,1.178900957107544
UV,M4_010,Lab_a,8.599999999999891,7.652929782867432,7.704047903413487,0.1979486345451781,1.1771526336669922
UV,M4_010,Lab_a,8.79999999999989,7.529263019561768,7.613473916096464,0.18548414439589186,1.1380187273025513
UV,M4_010,Lab_a,8.99999999999989,7.427656650543213,7.5330247701692326,0.1744130011611498,1.0759308338165283
UV,M4_010,Lab_a,9.19999999999989,7.315418720245361,7.464875365150384,0.16503450726130678,1.0160534381866455
UV,M4_010,Lab_a,9.399999999999888,7.229901313781738,7.4098947109051725,0.1574682529366288,0.9812299609184265
UV,M4_010,Lab_a,9.599999999999888,7.209676742553711,7.367381745704183,0.1516177604093434,1.0149729251861572
UV,M4_010,Lab_a,9.799999999999887,7.250586986541748,7.3350681207814645,0.14717086708524602,1.0116089582443237
UV,M4_010,Lab_a,9.999999999999886,7.307641983032227,7.309432301712295,0.14364295113805342,1.0214641094207764
UV,M4_010,Lab_a,10.19999999999989,7.337711811065674,7.286294738286359,0.14045883680297802,1.0382274389266968
UV,M4_010,Lab_a,10.399999999999885,7.373717784881592,7.261585736092379,0.13705846630402277,1.0765966176986694
UV,M4_010,Lab_a,10.59999999999988,7.36341667175293,7.232108031261935,0.133001842847703,1.1501824855804443
UV,M4_010,Lab_a,10.799999999999883,7.301880359649658,7.1961111542122635,0.128048072646329,1.241969347000122
UV,M4_010,Lab_a,10.999999999999886,7.238560676574707,7.153533284123952,0.12218864812485163,1.3420990705490112
UV,M4_010,Lab_a,11.199999999999882,7.160540580749512,7.105854956857923,0.11562731569215458,1.4512683153152466
UV,M4_010,Lab_a,11.399999999999878,7.028449535369873,7.055598542563725,0.1087111955183137,1.4366583824157715
UV,M4_010,Lab_a,11.59999999999988,6.907332897186279,7.00561150034145,0.10183214543088971,1.3780208826065063
UV,M4_010,Lab_a,11.799999999999883,6.836493015289307,6.958314466785733,0.09532328536732383,1.3102084398269653
UV,M4_010,Lab_a,11.99999999999988,6.836277484893799,6.915094883985136,0.08937555048193402,1.1803841590881348
UV,M4_010,Lab_a,12.199999999999875,6.820058822631836,6.875984598598019,0.08399332340566322,1.0425399541854858
UV,M4_010,Lab_a,12.399999999999878,6.832003593444824,6.839676108137802,0.07899667000568891,0.9774892926216125
UV,M4_010,Lab_a,12.59999999999988,6.843694686889648,6.803841473240613,0.07406522702840344,0.9251799583435059
UV,M4_010,Lab_a,12.799999999999876,6.816464424133301,6.765663473696312,0.06881129802146047,0.8900915384292603
UV,M4_010,Lab_a,12.999999999999872,6.799891948699951,6.722449273340489,0.06286430385017473,0.8575233817100525
UV,M4_010,Lab_a,13.199999999999875,6.783919811248779,6.672215792212171,0.05595133966216004,0.8017315864562988
UV,M4_010,Lab_a,13.399999999999878,6.728353977203369,6.61413807557434,0.04795887793701276,0.7250233292579651
UV,M4_010,Lab_a,13.599999999999874,6.650644302368164,6.54878735342648,0.038965529442707786,0.6589275002479553
UV,M4_010,Lab_a,13.79999999999987,6.528891086578369,6.478127778007655,0.029241594261649916,0.6272838711738586
UV,M4_010,Lab_a,13.999999999999872,6.378983020782471,6.405262940420461,0.019214178253607724,0.6482769250869751
UV,M4_010,Lab_a,14.199999999999875,6.272059917449951,6.3339832927316095,0.009404910794149172,0.6985613107681274
UV,M4_010,Lab_a,14.39999999999987,6.164842128753662,6.268209286411521,0.0003533113433457935,0.7545490264892578
UV,M4_010,Lab_a,14.599999999999866,6.06996488571167,6.211436102350761,-0.007459624958023829,0.807568371295929
UV,M4_010,Lab_a,14.79999999999987,6.026211261749268,6.166286421590257,-0.013672973489461887,0.7911810278892517
UV,M4_010,Lab_a,14.999999999999872,6.017816066741943,6.134225932244581,-0.01808503113943325,0.7729828357696533
UV,M4_010,Lab_a,15.199999999999868,6.017268180847168,6.115448927219893,-0.02066905996598948,0.7946105599403381
UV,M4_010,Lab_a,15.399999999999864,6.017058849334717,6.1089035046035285,-0.021569819203175595,0.8581129312515259
UV,M4_010,Lab_a,15.599999999999866,6.02827262878418,6.112397621428123,-0.02108897049560825,0.9659608602523804
UV,M4_010,Lab_a,15.79999999999987,6.097743511199951,6.1227605504932905,-0.01966285874899358,1.0802905559539795
UV,M4_010,Lab_a,15.999999999999865,6.119445323944092,6.136053241329631,-0.0178335629556313,1.034877896308899
UV,M4_010,Lab_a,16.19999999999986,6.164267063140869,6.147842498988743,-0.016211164623480462,1.0001078844070435
UV,M4_010,Lab_a,16.399999999999864,6.258363723754883,6.15356689079708,-0.015423392908673015,0.9525134563446045
UV,M4_010,Lab_a,16.599999999999866,6.301095485687256,6.148976874018181,-0.016055055714080925,0.8928530812263489
UV,M4_010,Lab_a,16.799999999999862,6.300369739532471,6.130604246155116,-0.018583435503899834,0.7738011479377747
UV,M4_010,Lab_a,16.999999999999858,6.280864238739014,6.096182619595046,-0.0233204249849819,0.602909505367279
UV,M4_010,Lab_a,17.19999999999986,6.216946125030518,6.044939323957556,-0.03037235647889784,0.460397869348526
UV,M4_010,Lab_a,17.399999999999864,6.117842197418213,5.977709633338183,-0.03962428234953076,0.38677355647087097
UV,M4_010,Lab_a,17.59999999999986,5.950179576873779,5.896882743628343,-0.050747409424189205,0.36590707302093506
UV,M4_010,Lab_a,17.799999999999855,5.8335347175598145,5.806213362930915,-0.06322502729243298,0.4194931983947754
UV,M4_010,Lab_a,17.999999999999858,5.746553897857666,5.71054690132634,-0.07639032677421025,0.5428876876831055
UV,M4_010,Lab_a,18.19999999999986,5.607581615447998,5.615474434493792,-0.08947388267591576,0.6974949836730957
UV,M4_010,Lab_a,18.399999999999856,5.451627731323242,5.526912226312408,-0.10166151848808483,0.8798704743385315
UV,M4_010,Lab_a,18.599999999999852,5.298896312713623,5.4505913479533294,-0.11216454330427086,1.0375030040740967
UV,M4_010,Lab_a,18.799999999999855,5.14558744430542,5.3914958743004275,-0.1202970653564999,1.1755732297897339
UV,M4_010,Lab_a,18.999999999999858,5.077242851257324,5.3533399432951265,-0.12554795736468505,1.3387726545333862
UV,M4_010,Lab_a,19.199999999999854,5.080767631530762,5.338213873658059,-0.1276295566358834,1.4873911142349243
UV,M4_010,Lab_a,19.39999999999985,5.173894882202148,5.3465095091037895,-0.12648793894455382,1.5108624696731567
UV,M4_010,Lab_a,19.599999999999852,5.278510570526123,5.377143457052359,-0.12227219716538047,1.5368709564208984
UV,M4_010,Lab_a,19.799999999999855,5.35820198059082,5.427996735373682,-0.11527393855414766,1.5563257932662964
UV,M4_010,Lab_a,19.99999999999985,5.400861740112305,5.496407506518244,-0.10585947631951219,1.5473257303237915
UV,M4_010,Lab_a,20.199999999999847,5.488429546356201,5.579561899176756,-0.09441604604925062,1.479231595993042
UV,M4_010,Lab_a,20.39999999999985,5.601498126983643,5.674683087661237,-0.08132578523625027,1.4012892246246338
UV,M4_010,Lab_a,20.599999999999852,5.716421127319336,5.779013602349951,-0.06696816765609731,1.3617212772369385
UV,M4_010,Lab_a,20.799999999999848,5.841909885406494,5.889672283112097,-0.05173968895983537,1.3379348516464233
UV,M4_010,Lab_a,20.999999999999844,5.998613357543945,6.003498794056238,-0.03607526403587918,1.318310022354126
UV,M4_010,Lab_a,21.199999999999847,6.124244213104248,6.117002498781906,-0.02045526262743193,1.339394450187683
UV,M4_010,Lab_a,21.39999999999985,6.27292013168335,6.2264741899831595,-0.005390133476964684,1.2973145246505737
UV,M4_010,Lab_a,21.599999999999845,6.416616916656494,6.328267093937946,0.008618266574704575,1.1557667255401611
UV,M4_010,Lab_a,21.79999999999984,6.567219257354736,6.419195245541733,0.0211314956323062,1.020499348640442
UV,M4_010,Lab_a,21.999999999999844,6.709814071655273,6.496941030961917,0.0318306114074188,0.9056071043014526
NIR,M4_010,Lab_a,-22.0,-7.071881294250488,-7.0268288375534835,0.02163657625154757,0.1777227371931076
NIR,M4_010,Lab_a,-21.8,-7.024397373199463,-7.020295570631619,0.02681128998455338,0.3278000056743622
NIR,M4_010,Lab_a,-21.6,-6.892746448516846,-7.0174191962764905,0.029089539756797997,0.44315826892852783
NIR,M4_010,Lab_a,-21.400000000000002,-6.894106864929199,-7.0193855061449275,0.027532112086807354,0.49021944403648376
NIR,M4_010,Lab_a,-21.200000000000003,-6.912569999694824,-7.026512717653651,0.021886960937571556,0.5195042490959167
NIR,M4_010,Lab_a,-21.000000000000004,-7.01873779296875,-7.038026626789597,0.012767299298313294,0.5364941954612732
NIR,M4_010,Lab_a,-20.800000000000004,-7.020454406738281,-7.052094177968919,0.0016250099738432068,0.48888564109802246
NIR,M4_010,Lab_a,-20.600000000000005,-7.1415629386901855,-7.0661871558109155,-0.009537418693178987,0.4246148467063904
NIR,M4_010,Lab_a,-20.400000000000006,-7.21583890914917,-7.077613935652085,-0.018588069045493254,0.4752810299396515
NIR,M4_010,Lab_a,-20.200000000000006,-7.109734058380127,-7.084121715673041,-0.02374259572388801,0.3659960627555847
NIR,M4_010,Lab_a,-20.000000000000007,-7.145442008972168,-7.084394977282227,-0.02395903424058552,0.31127607822418213
NIR,M4_010,Lab_a,-19.800000000000008,-7.208131790161133,-7.078400589880225,-0.01921114330316046,0.21664512157440186
NIR,M4_010,Lab_a,-19.60000000000001,-7.11117696762085,-7.067502929415728,-0.010579585165753655,0.37270620465278625
NIR,M4_010,Lab_a,-19.40000000000001,-7.020710468292236,-7.054288874218196,-0.00011331251576817447,0.4268215000629425
NIR,M4_010,Lab_a,-19.20000000000001,-7.053590297698975,-7.04211812290754,0.009526604956068649,0.3413674533367157
NIR,M4_010,Lab_a,-19.00000000000001,-7.1179094314575195,-7.034407920193321,0.015633517829320497,0.5241928696632385
NIR,M4_010,Lab_a,-18.80000000000001,-6.711310863494873,-7.033764389009707,0.016143230610582114,1.0209141969680786
NIR,M4_010,Lab_a,-18.600000000000012,-6.7765583992004395,-7.041183482565818,0.0102668925135146,0.9952165484428406
NIR,M4_010,Lab_a,-18.400000000000013,-6.911287307739258,-7.055601684852222,-0.0011531321493417003,0.8360511660575867
NIR,M4_010,Lab_a,-18.200000000000014,-7.024614334106445,-7.073983849223926,-0.015712837049548317,0.7247490882873535
NIR,M4_010,Lab_a,-18.000000000000014,-7.3995866775512695,-7.092008715260043,-0.02998954163367224,0.5821439027786255
NIR,M4_010,Lab_a,-17.800000000000015,-7.2928147315979,-7.105121505981733,-0.04037560714072788,0.3503410816192627
NIR,M4_010,Lab_a,-17.600000000000016,-7.226311206817627,-7.109673329241257,-0.04398090639039516,0.3486310839653015
NIR,M4_010,Lab_a,-17.400000000000016,-7.134031772613525,-7.103775486840745,-0.03930948450758545,0.20909948647022247
NIR,M4_010,Lab_a,-17.200000000000017,-7.283743381500244,-7.087652232534555,-0.02653896304002203,0.45063501596450806
NIR,M4_010,Lab_a,-17.000000000000018,-7.16688871383667,-7.063478875011359,-0.007392308442226565,0.345374196767807
NIR,M4_010,Lab_a,-16.80000000000002,-6.913791179656982,-7.03480529719009,0.015318772966306158,0.24041171371936798
NIR,M4_010,Lab_a,-16.60000000000002,-6.9438886642456055,-7.005804948208913,0.03828867545607558,0.3198195695877075
NIR,M4_010,Lab_a,-16.40000000000002,-6.915389537811279,-6.980515438135383,0.05831938545822277,0.27856847643852234
NIR,M4_010,Lab_a,-16.20000000000002,-6.836390495300293,-6.962198568276188,0.07282737344335302,0.3493719696998596
NIR,M4_010,Lab_a,-16.00000000000002,-6.839757919311523,-6.9529392096764315,0.08016130464163805,0.3340250551700592
NIR,M4_010,Lab_a,-15.800000000000022,-6.898469924926758,-6.953471077589882,0.07974003543148771,0.34641608595848083
NIR,M4_010,Lab_a,-15.600000000000023,-6.8569746017456055,-6.963220452197403,0.07201798407905924,0.36346063017845154
NIR,M4_010,Lab_a,-15.400000000000023,-6.890946865081787,-6.980514873042766,0.0583198330432605,0.3274606168270111
NIR,M4_010,Lab_a,-15.200000000000024,-6.944833755493164,-7.002963796856566,0.04053902663510585,0.2972351908683777
NIR,M4_010,Lab_a,-15.000000000000025,-7.176022052764893,-7.027866137785591,0.020814976304609132,0.33261537551879883
NIR,M4_010,Lab_a,-14.800000000000026,-7.164543628692627,-7.052609388830151,0.0012169340830378308,0.4431125223636627
NIR,M4_010,Lab_a,-14.600000000000026,-7.005577564239502,-7.0749775450728745,-0.016499899880055978,0.46524298191070557
NIR,M4_010,Lab_a,-14.400000000000027,-7.123485088348389,-7.093291924417913,-0.031005915238326968,0.4905439615249634
NIR,M4_010,Lab_a,-14.200000000000028,-7.1555328369140625,-7.106467242934865,-0.04144150626526548,0.5426095724105835
NIR,M4_010,Lab_a,-14.000000000000028,-7.219393730163574,-7.113975837773125,-0.04738873439627668,0.6795291304588318
NIR,M4_010,Lab_a,-13.80000000000003,-7.163516044616699,-7.11583705165786,-0.04886292015427324,0.7339029908180237
NIR,M4_010,Lab_a,-13.60000000000003,-7.075401306152344,-7.112574606067282,-0.04627888031591144,0.6794688105583191
NIR,M4_010,Lab_a,-13.40000000000003,-7.1976823806762695,-7.105207952753946,-0.0404440778315312,0.554031252861023
NIR,M4_010,Lab_a,-13.200000000000031,-7.1634521484375,-7.095206420827646,-0.032522303743759265,0.5401379466056824
NIR,M4_010,Lab_a,-13.000000000000032,-7.0711283683776855,-7.084325464040072,-0.0239039758550781,0.5228167176246643
NIR,M4_010,Lab_a,-12.800000000000033,-6.9940338134765625,-7.074374075815441,-0.01602191839066691,0.5282285213470459
NIR,M4_010,Lab_a,-12.600000000000033,-6.9413957595825195,-7.066954750470694,-0.0101453967040034,0.28406447172164917
NIR,M4_010,Lab_a,-12.400000000000034,-7.037724018096924,-7.063207108731311,-0.007177054310051762,0.4149099886417389
NIR,M4_010,Lab_a,-12.200000000000035,-7.097253322601318,-7.063661089305311,-0.007536632380088043,0.41253840923309326
NIR,M4_010,Lab_a,-12.000000000000036,-7.007724285125732,-7.068237756156497,-0.011161609147372253,0.5026981830596924
NIR,M4_010,Lab_a,-11.800000000000036,-7.0286455154418945,-7.076339341322167,-0.017578518867623467,0.4708940088748932
NIR,M4_010,Lab_a,-11.600000000000037,-7.064425468444824,-7.087035174734833,-0.026050218663209355,0.4565006196498871
NIR,M4_010,Lab_a,-11.400000000000038,-7.1205973625183105,-7.09922847541845,-0.03570799650281045,0.4141201078891754
NIR,M4_010,Lab_a,-11.200000000000038,-7.177391529083252,-7.1118050264528145,-0.04566933010967401,0.4700063467025757
NIR,M4_010,Lab_a,-11.000000000000039,-7.074161052703857,-7.123691683166424,-0.05508422873100385,0.47088924050331116
NIR,M4_010,Lab_a,-10.80000000000004,-7.203253269195557,-7.133792140001389,-0.06308435689331855,0.4889494776725769
NIR,M4_010,Lab_a,-10.60000000000004,-7.160636901855469,-7.140862052114837,-0.06868412370862656,0.7943080067634583
NIR,M4_010,Lab_a,-10.400000000000041,-7.092744827270508,-7.143383986330923,-0.07068163701671462,0.7040601968765259
NIR,M4_010,Lab_a,-10.200000000000042,-7.192291259765625,-7.139564436702642,-0.06765633954276398,0.7577272653579712
NIR,M4_010,Lab_a,-10.000000000000043,-7.212975978851318,-7.127564501433662,-0.058151717953868025,0.6749435067176819
NIR,M4_010,Lab_a,-9.800000000000043,-7.125373363494873,-7.10596937747423,-0.04104716890431679,0.7573579549789429
NIR,M4_010,Lab_a,-9.600000000000044,-7.324370861053467,-7.074412232918756,-0.01605214095602334,0.6584730744361877
NIR,M4_010,Lab_a,-9.400000000000045,-7.3167829513549805,-7.034087448900342,0.015887349062706002,0.5865010619163513
NIR,M4_010,Lab_a,-9.200000000000045,-7.022890090942383,-6.987943867474748,0.052435652897345544,0.5606478452682495
NIR,M4_010,Lab_a,-9.000000000000046,-6.863766670227051,-6.940296763056317,0.09017483124728795,0.674116313457489
NIR,M4_010,Lab_a,-8.800000000000047,-6.699792385101318,-6.895950819293376,0.12529930525664154,0.39426156878471375
NIR,M4_010,Lab_a,-8.600000000000048,-6.667330741882324,-6.859054369204489,0.15452336257093352,0.38441237807273865
NIR,M4_010,Lab_a,-8.400000000000048,-6.554985523223877,-6.832060631464975,0.17590391644335368,0.46266716718673706
NIR,M4_010,Lab_a,-8.200000000000049,-6.67715311050415,-6.815136003612365,0.1893091706939973,0.43980342149734497
NIR,M4_010,Lab_a,-8.00000000000005,-6.859858512878418,-6.806158381702673,0.1964199506363179,0.4454595446586609
NIR,M4_010,Lab_a,-7.8000000000000504,-6.950221538543701,-6.801230117034376,0.20032341258941452,0.4072226881980896
NIR,M4_010,Lab_a,-7.600000000000051,-6.86227560043335,-6.795440899848007,0.20490879721183103,0.4996984004974365
NIR,M4_010,Lab_a,-7.400000000000052,-6.7873687744140625,-6.783716870468542,0.21419488586573987,0.7634689807891846
NIR,M4_010,Lab_a,-7.200000000000053,-6.8227620124816895,-6.761515260996151,0.23177980544818189,0.7563578486442566
NIR,M4_010,Lab_a,-7.000000000000053,-6.851873874664307,-6.7254184530004775,0.2603705013874173,1.0331748723983765
NIR,M4_010,Lab_a,-6.800000000000054,-6.904409885406494,-6.673576110224814,0.3014325437501177,1.0175763368606567
NIR,M4_010,Lab_a,-6.600000000000055,-7.002942085266113,-6.606036367371431,0.3549278071530942,0.8998156785964966
NIR,M4_010,Lab_a,-6.400000000000055,-6.549818515777588,-6.524810805613193,0.41926300651481363,0.6654855608940125
NIR,M4_010,Lab_a,-6.200000000000056,-6.462847709655762,-6.433665212855325,0.4914554266604925,0.6347565650939941
NIR,M4_010,Lab_a,-6.000000000000057,-6.253110885620117,-6.337553675574999,0.5675811533165344,0.6704028844833374
NIR,M4_010,Lab_a,-5.8000000000000576,-6.06779670715332,-6.241835751852132,0.6433951159645179,0.7045503854751587
NIR,M4_010,Lab_a,-5.600000000000058,-6.110896587371826,-6.15149088968999,0.7149533125801165,0.9224745035171509
NIR,M4_010,Lab_a,-5.400000000000059,-6.017390251159668,-6.070441010111345,0.7791493618048129,1.047876238822937
NIR,M4_010,Lab_a,-5.20000000000006,-5.847289562225342,-6.001149294087643,0.8340322861946637,0.8739689588546753
NIR,M4_010,Lab_a,-5.00000000000006,-5.719311237335205,-5.944467344341441,0.878927568642655,0.9158796668052673
NIR,M4_010,Lab_a,-4.800000000000061,-5.855778217315674,-5.899800258851123,0.9143064049070302,0.8863385915756226
NIR,M4_010,Lab_a,-4.600000000000062,-5.76984977722168,-5.865503696385651,0.9414712054436545,0.8212378025054932
NIR,M4_010,Lab_a,-4.4000000000000625,-5.822375297546387,-5.839461262186557,0.9620982735709271,0.7803531289100647
NIR,M4_010,Lab_a,-4.200000000000063,-5.804879188537598,-5.8197335491675775,0.9777237284468746,0.738416850566864
NIR,M4_010,Lab_a,-4.000000000000064,-6.03691291809082,-5.805127250337448,0.9892927361192396,0.6824855804443359
NIR,M4_010,Lab_a,-3.8000000000000647,-5.760515213012695,-5.795486335411366,0.996928881322458,0.7016354203224182
NIR,M4_010,Lab_a,-3.6000000000000654,-5.694953918457031,-5.791608934823749,1.0,0.925316572189331
NIR,M4_010,Lab_a,-3.400000000000066,-5.5898566246032715,-5.794832160998975,0.9974470241376938,0.901572048664093
NIR,M4_010,Lab_a,-3.200000000000067,-5.640936374664307,-5.806488475435792,0.9882145695152489,0.8738296031951904
NIR,M4_010,Lab_a,-3.0000000000000675,-5.826365947723389,-5.827385897634161,0.9716626393817308,0.8550916314125061
NIR,M4_010,Lab_a,-2.800000000000068,-5.8062825202941895,-5.8576114349933075,0.9477223189983073,0.7576398253440857
NIR,M4_010,Lab_a,-2.600000000000069,-5.836033344268799,-5.896567925437802,0.9168665942125654,0.8387465476989746
NIR,M4_010,Lab_a,-2.4000000000000696,-5.839960098266602,-5.943235431877912,0.8799033123891034,0.8953455686569214
NIR,M4_010,Lab_a,-2.2000000000000703,-6.094311714172363,-5.996466962205853,0.8377409555909965,1.029640793800354
NIR,M4_010,Lab_a,-2.000000000000071,-6.087352275848389,-6.055120263009207,0.7912842525688843,1.0114935636520386
NIR,M4_010,Lab_a,-1.8000000000000718,-5.976497173309326,-6.118029081567551,0.7414569408710269,0.9640968441963196
NIR,M4_010,Lab_a,-1.6000000000000725,-6.062714099884033,-6.183832786805402,0.6893367166020011,0.7148357033729553
NIR,M4_010,Lab_a,-1.4000000000000732,-6.269691467285156,-6.250794197759821,0.6362995244910135,0.5381163358688354
NIR,M4_010,Lab_a,-1.200000000000074,-6.358999729156494,-6.316756126994917,0.5840539779442934,0.5148350596427917
NIR,M4_010,Lab_a,-1.0000000000000746,-6.4401469230651855,-6.379301139705913,0.5345148208767198,0.5838114023208618
NIR,M4_010,Lab_a,-0.8000000000000753,-6.530327320098877,-6.436096099584364,0.4895300280673259,0.6297721862792969
NIR,M4_010,Lab_a,-0.600000000000076,-6.645571708679199,-6.485354640258987,0.4505145018466304,0.8052815794944763
NIR,M4_010,Lab_a,-0.40000000000007674,-6.555778980255127,-6.5262340232156735,0.41813573837152584,0.7793393135070801
NIR,M4_010,Lab_a,-0.20000000000007745,-6.643284797668457,-6.559141073184205,0.39207150964470133,0.7000004649162292
NIR,M4_010,Lab_a,-7.815970093361102e-14,-6.61955451965332,-6.58583096363439,0.3709316198626409,0.8316002488136292
NIR,M4_010,Lab_a,0.19999999999992113,-6.707586765289307,-6.609249702310578,0.35238266570437965,0.8760639429092407
NIR,M4_010,Lab_a,0.3999999999999204,-6.654312610626221,-6.633118288728233,0.333477406911183,0.7020790576934814
NIR,M4_010,Lab_a,0.5999999999999197,-6.498469352722168,-6.661283066028248,0.3111693240447556,0.5069113373756409
NIR,M4_010,Lab_a,0.799999999999919,-6.54396390914917,-6.696973945928123,0.28290014591844015,0.633453369140625
NIR,M4_010,Lab_a,0.9999999999999183,-6.5081586837768555,-6.742114894814161,0.24714598327436454,0.6865633130073547
NIR,M4_010,Lab_a,1.1999999999999176,-6.597039699554443,-6.796935849199511,0.2037247135012011,0.47114452719688416
NIR,M4_010,Lab_a,1.3999999999999169,-6.935543537139893,-6.85994607295731,0.1538170831994209,0.35673463344573975
NIR,M4_010,Lab_a,1.5999999999999162,-6.960422039031982,-6.928262337562382,0.09970677102827133,0.5584986805915833
NIR,M4_010,Lab_a,1.7999999999999154,-7.122907638549805,-6.998175855155468,0.04433134493004433,0.7880427241325378
NIR,M4_010,Lab_a,1.9999999999999147,-7.113940238952637,-7.065705675318972,-0.009156059146166217,0.6115249991416931
NIR,M4_010,Lab_a,2.199999999999914,-7.080657482147217,-7.12704373111909,-0.05773923866428951,0.6157801151275635
NIR,M4_010,Lab_a,2.3999999999999133,-7.189689636230469,-7.178906443412236,-0.09881741482698804,0.5500131845474243
NIR,M4_010,Lab_a,2.5999999999999126,-7.4453935623168945,-7.218835168441025,-0.13044320391826342,0.6396442651748657
NIR,M4_010,Lab_a,2.799999999999912,-7.402431964874268,-7.245537862596201,-0.15159323495260155,0.7142692804336548
NIR,M4_010,Lab_a,2.999999999999911,-7.464568614959717,-7.259156164271502,-0.16237969347973708,0.6460237503051758
NIR,M4_010,Lab_a,3.1999999999999105,-7.451998710632324,-7.2613868351312085,-0.16414650987796328,0.5180221796035767
NIR,M4_010,Lab_a,3.3999999999999098,-7.276946544647217,-7.2552191290711106,-0.15926134084506774,0.4660113453865051
NIR,M4_010,Lab_a,3.599999999999909,-7.103587627410889,-7.244346654421211,-0.15064973128503165,0.38367486000061035
NIR,M4_010,Lab_a,3.7999999999999083,-7.120367527008057,-7.232340009131264,-0.1411397949832885,0.44827261567115784
NIR,M4_010,Lab_a,3.9999999999999076,-7.083855152130127,-7.22188524373472,-0.13285903457354617,0.5393118262290955
NIR,M4_010,Lab_a,4.199999999999907,-7.096557140350342,-7.214360607626779,-0.12689910085748718,0.5597153306007385
NIR,M4_010,Lab_a,4.399999999999906,-7.343698024749756,-7.209837823226154,-0.12331680201232377,0.4805574119091034
NIR,M4_010,Lab_a,4.5999999999999055,-7.2736968994140625,-7.207485021745594,-0.121453251314319,0.472277969121933
NIR,M4_010,Lab_a,4.799999999999905,-7.245167255401611,-7.206065374728367,-0.12032881127476101,0.48335522413253784
NIR,M4_010,Lab_a,4.999999999999904,-7.205482482910156,-7.204338321071626,-0.11896088793991802,0.5330837965011597
NIR,M4_010,Lab_a,5.199999999999903,-7.1363444328308105,-7.201226799090179,-0.11649638806251994,0.4527823328971863
NIR,M4_010,Lab_a,5.399999999999903,-7.218034267425537,-7.195761810751167,-0.1121678108672484,0.4895271360874176
NIR,M4_010,Lab_a,5.599999999999902,-7.141903877258301,-7.1869911544992435,-0.10522095933078167,0.4750898778438568
NIR,M4_010,Lab_a,5.799999999999901,-7.252377510070801,-7.173995036018275,-0.0949273047803799,0.5057781338691711
NIR,M4_010,Lab_a,5.9999999999999005,-7.222202777862549,-7.156081112267175,-0.0807384727067032,0.5324757099151611
NIR,M4_010,Lab_a,6.1999999999999,-7.317962169647217,-7.133104439999736,-0.062539659931553,0.5539155602455139
NIR,M4_010,Lab_a,6.399999999999899,-7.164407730102539,-7.105789447991621,-0.04090465466515259,0.5156909227371216
NIR,M4_010,Lab_a,6.599999999999898,-7.0196075439453125,-7.075879232735988,-0.01721408706833415,0.3217785954475403
NIR,M4_010,Lab_a,6.799999999999898,-6.98677396774292,-7.046030805468788,0.0064275409770929715,0.25311142206192017
NIR,M4_010,Lab_a,6.999999999999897,-7.028824329376221,-7.019411435396568,0.027511574665612493,0.33782994747161865
NIR,M4_010,Lab_a,7.199999999999896,-7.006602764129639,-6.999110680497664,0.043590910841849295,0.34923359751701355
NIR,M4_010,Lab_a,7.3999999999998956,-6.710610866546631,-6.987471762904701,0.05280958618849229,0.6003502011299133
NIR,M4_010,Lab_a,7.599999999999895,-6.846963882446289,-6.985552972484181,0.05432937579124,0.7855703830718994
NIR,M4_010,Lab_a,7.799999999999894,-6.8016252517700195,-6.992872862370585,0.04853161256309166,0.7255346179008484
NIR,M4_010,Lab_a,7.999999999999893,-6.988122940063477,-7.007519433035442,0.03693070733951536,0.6154085397720337
NIR,M4_010,Lab_a,8.199999999999893,-7.1597580909729,-7.026619537579328,0.021802353566868382,0.3043280243873596
NIR,M4_010,Lab_a,8.399999999999892,-7.152977466583252,-7.047013402224366,0.005649269250879023,0.3711019456386566
NIR,M4_010,Lab_a,8.599999999999891,-7.106063365936279,-7.065882421181729,-0.009296051779897454,0.37458306550979614
NIR,M4_010,Lab_a,8.79999999999989,-7.123440742492676,-7.081144849780029,-0.02138475101891554,0.43369928002357483
NIR,M4_010,Lab_a,8.99999999999989,-7.079907417297363,-7.091474362310312,-0.029566304135447516,0.4588150382041931
NIR,M4_010,Lab_a,9.19999999999989,-7.180127143859863,-7.096060148133217,-0.03319850363964878,0.5310127139091492
NIR,M4_010,Lab_a,9.399999999999888,-7.151651382446289,-7.094225511737918,-0.03174536874352847,0.7088271975517273
NIR,M4_010,Lab_a,9.599999999999888,-6.96437406539917,-7.085209446363328,-0.02460413942142209,0.7471211552619934
NIR,M4_010,Lab_a,9.799999999999887,-7.103982925415039,-7.0682415748519425,-0.0111646337682853,0.6010693907737732
NIR,M4_010,Lab_a,9.999999999999886,-7.221135139465332,-7.042986712137388,0.008838633582819489,0.5178883075714111
NIR,M4_010,Lab_a,10.19999999999989,-7.259873867034912,-7.010158714178877,0.03484024868513371,0.49098464846611023
NIR,M4_010,Lab_a,10.399999999999885,-7.118916034698486,-6.972074306117319,0.06500523532451355,0.6023711562156677
NIR,M4_010,Lab_a,10.59999999999988,-6.941653728485107,-6.932805099861529,0.09610864856728515,0.5509666800498962
NIR,M4_010,Lab_a,10.799999999999883,-6.692906379699707,-6.897769792969882,0.12385857611204013,0.3929893374443054
NIR,M4_010,Lab_a,10.999999999999886,-6.696742057800293,-6.872806966402353,0.14363053445976004,0.4777110815048218
NIR,M4_010,Lab_a,11.199999999999882,-6.614227771759033,-6.862906096238149,0.15147257878768308,0.5393102169036865
NIR,M4_010,Lab_a,11.399999999999878,-6.6193623542785645,-6.871041895208393,0.14502856981578538,0.5009415745735168
NIR,M4_010,Lab_a,11.59999999999988,-6.649567127227783,-6.897363763105519,0.12418017453136995,0.5220780968666077
NIR,M4_010,Lab_a,11.799999999999883,-6.802299976348877,-6.939023670948377,0.09118319158111919,0.5923163890838623
NIR,M4_010,Lab_a,11.99999999999988,-6.921112537384033,-6.990670794882946,0.05027577348680299,0.4197312593460083
NIR,M4_010,Lab_a,12.199999999999875,-7.187286853790283,-7.045441256713746,0.006894496648042645,0.4299483895301819
NIR,M4_010,Lab_a,12.399999999999878,-7.356303691864014,-7.096200326236121,-0.0333095325571627,0.5834249258041382
NIR,M4_010,Lab_a,12.59999999999988,-7.329041004180908,-7.136742359998137,-0.06542109655437081,0.5760306119918823
NIR,M4_010,Lab_a,12.799999999999876,-7.214917182922363,-7.162707391047573,-0.08598685704699416,0.5648857951164246
NIR,M4_010,Lab_a,12.999999999999872,-7.3863983154296875,-7.172080926405734,-0.09341122264001171,0.47651684284210205
NIR,M4_010,Lab_a,13.199999999999875,-7.34480094909668,-7.1652989200107235,-0.08803949329704805,0.4309336841106415
NIR,M4_010,Lab_a,13.399999999999878,-7.30026388168335,-7.144976839520228,-0.07194326605651039,0.4794626533985138
NIR,M4_010,Lab_a,13.599999999999874,-7.093316555023193,-7.115351214274091,-0.048478109704636986,0.6027902960777283
NIR,M4_010,Lab_a,13.79999999999987,-7.047175884246826,-7.081561002760464,-0.02171436751379366,0.5867721438407898
NIR,M4_010,Lab_a,13.999999999999872,-6.996842861175537,-7.04884487129491,0.004198643053561999,0.5240312218666077
NIR,M4_010,Lab_a,14.199999999999875,-6.796458721160889,-7.021751880528424,0.02565781088862272,0.3107529282569885
NIR,M4_010,Lab_a,14.39999999999987,-6.900442600250244,-7.003553345327104,0.04007207118949928,0.2932766079902649
NIR,M4_010,Lab_a,14.599999999999866,-6.916877746582031,-6.99586592239494,0.046160941198064624,0.2719852030277252
NIR,M4_010,Lab_a,14.79999999999987,-6.844105243682861,-6.998616679766418,0.04398218712041957,0.37121278047561646
NIR,M4_010,Lab_a,14.999999999999872,-6.97084379196167,-7.010284132954703,0.03474090998224488,0.2872872054576874
NIR,M4_010,Lab_a,15.199999999999868,-7.024360179901123,-7.028391128463149,0.020399154250903644,0.4344300329685211
NIR,M4_010,Lab_a,15.399999999999864,-7.096765518188477,-7.050087916241698,0.00321408175615633,0.49347636103630066
NIR,M4_010,Lab_a,15.599999999999866,-7.078469753265381,-7.0727437779400315,-0.01473063105989257,0.4662228226661682
NIR,M4_010,Lab_a,15.79999999999987,-7.182429790496826,-7.094347411951553,-0.03184192054787057,0.5175560712814331
NIR,M4_010,Lab_a,15.999999999999865,-7.220622539520264,-7.113659223602785,-0.04713795822029715,0.5514025688171387
NIR,M4_010,Lab_a,16.19999999999986,-7.10633659362793,-7.130090091256143,-0.060152126707197,0.5866538882255554
NIR,M4_010,Lab_a,16.399999999999864,-7.1666789054870605,-7.143379067686583,-0.0706777411746011,0.4542235732078552
NIR,M4_010,Lab_a,16.599999999999866,-7.033902168273926,-7.153207827752806,-0.078462670261593,0.2785894572734833
NIR,M4_010,Lab_a,16.799999999999862,-7.068432807922363,-7.159012902759883,-0.0830606151671834,0.3495272696018219
NIR,M4_010,Lab_a,16.999999999999858,-7.344173908233643,-7.160056031010535,-0.08388683123159531,0.4828871786594391
NIR,M4_010,Lab_a,17.19999999999986,-7.2944135665893555,-7.155792730318037,-0.08051005803294195,0.5468897819519043
NIR,M4_010,Lab_a,17.399999999999864,-7.296313762664795,-7.146329876822409,-0.07301494746683708,0.5662932991981506
NIR,M4_010,Lab_a,17.59999999999986,-7.164932727813721,-7.132720683019216,-0.06223570288510434,0.6734779477119446
NIR,M4_010,Lab_a,17.799999999999855,-7.125541687011719,-7.116940835382763,-0.04973717875534243,0.5786734223365784
NIR,M4_010,Lab_a,17.999999999999858,-6.986752510070801,-7.1014564955020925,-0.03747271333776101,0.6476672291755676
NIR,M4_010,Lab_a,18.19999999999986,-6.9766035079956055,-7.08856650806127,-0.027263120522094356,0.5728507041931152
NIR,M4_010,Lab_a,18.399999999999856,-6.892487049102783,-7.0797830559161445,-0.02030613392072519,0.5628655552864075
NIR,M4_010,Lab_a,18.599999999999852,-7.054701328277588,-7.075454358306686,-0.01687756269692748,0.4115368723869324
NIR,M4_010,Lab_a,18.799999999999855,-7.165163993835449,-7.074790767802082,-0.01635196180868305,0.41207805275917053
NIR,M4_010,Lab_a,18.999999999999858,-7.0842390060424805,-7.076195852593806,-0.017464867749115195,0.5574046969413757
NIR,M4_010,Lab_a,19.199999999999854,-7.093752861022949,-7.077794934784731,-0.01873143050746447,0.4283391833305359
NIR,M4_010,Lab_a,19.39999999999985,-7.149134635925293,-7.077922811482094,-0.018832716022029874,0.5580427646636963
NIR,M4_010,Lab_a,19.599999999999852,-7.066271781921387,-7.075465862193772,-0.01688667442054091,0.45844465494155884
NIR,M4_010,Lab_a,19.799999999999855,-7.121847629547119,-7.0700379822537505,-0.012587489157998415,0.3951399326324463
NIR,M4_010,Lab_a,19.99999999999985,-7.110534191131592,-7.061982038536873,-0.006206730024380587,0.4203941226005554
NIR,M4_010,Lab_a,20.199999999999847,-7.031765937805176,-7.052295485809161,0.0014655628767140361,0.5158531665802002
NIR,M4_010,Lab_a,20.39999999999985,-7.0430684089660645,-7.042489143658823,0.009232735717315727,0.5686090588569641
NIR,M4_010,Lab_a,20.599999999999852,-7.035801410675049,-7.034357025685868,0.015673829132961593,0.5559949278831482
NIR,M4_010,Lab_a,20.799999999999848,-7.0016770362854,-7.02970117766988,0.019361521822585336,0.6615448594093323
NIR,M4_010,Lab_a,20.999999999999844,-6.94748067855835,-7.029979287273822,0.01914124342220624,0.6858070492744446
NIR,M4_010,Lab_a,21.199999999999847,-6.899021625518799,-7.035975260811219,0.01439209617661078,0.5131896734237671
NIR,M4_010,Lab_a,21.39999999999985,-6.954299449920654,-7.047564688631221,0.005212619505125245,0.7386529445648193
NIR,M4_010,Lab_a,21.599999999999845,-6.984028339385986,-7.063700421742394,-0.007567785875690968,0.7814059853553772
NIR,M4_010,Lab_a,21.79999999999984,-7.174572467803955,-7.082621069934622,-0.022554000155415692,0.6777147650718689
NIR,M4_010,Lab_a,21.999999999999844,-7.173069953918457,-7.1022633393607215,-0.038111778914841056,0.6290826201438904
UV,M4_011,Lab_a,-22.0,8.068649291992188,8.266757824583456,-0.07521189600917277,1.197750449180603
UV,M4_011,Lab_a,-21.8,8.2096529006958,8.335565901184868,-0.06726565040071887,1.1982746124267578
UV,M4_011,Lab_a,-21.6,8.36198902130127,8.414090220863846,-0.05819733224352879,1.2124905586242676
UV,M4_011,Lab_a,-21.400000000000002,8.513445854187012,8.49969864184984,-0.04831091232152996,1.2543197870254517
UV,M4_011,Lab_a,-21.200000000000003,8.635214805603027,8.589327559649437,-0.03796018854558138,1.3376303911209106
UV,M4_011,Lab_a,-21.000000000000004,8.727538108825684,8.680028418767433,-0.027485672485142866,1.43081796169281
UV,M4_011,Lab_a,-20.800000000000004,8.810796737670898,8.769451735924198,-0.017158692334737952,1.519007682800293
UV,M4_011,Lab_a,-20.600000000000005,8.899182319641113,8.856171608359396,-0.007143917332442142,1.610053539276123
UV,M4_011,Lab_a,-20.400000000000006,8.984586715698242,8.939804456758948,0.0025143551719194533,1.7001276016235352
UV,M4_011,Lab_a,-20.200000000000006,9.049430847167969,9.020935307193826,0.01188368644552534,1.8023525476455688
UV,M4_011,Lab_a,-20.000000000000007,9.116188049316406,9.100897407818731,0.021118045583539195,1.9054014682769775
UV,M4_011,Lab_a,-19.800000000000008,9.15339183807373,9.18146096487239,0.030421863435438252,1.9873536825180054
UV,M4_011,Lab_a,-19.60000000000001,9.19679069519043,9.264494475944405,0.040010921948621124,2.082237720489502
UV,M4_011,Lab_a,-19.40000000000001,9.269522666931152,9.351665710218246,0.05007782211129475,2.168663740158081
UV,M4_011,Lab_a,-19.20000000000001,9.377689361572266,9.444240712376166,0.060768772079439724,2.235257863998413
UV,M4_011,Lab_a,-19.00000000000001,9.50339412689209,9.543017717068958,0.07217595534228682,2.3024308681488037
UV,M4_011,Lab_a,-18.80000000000001,9.61519718170166,9.648402893775284,0.0843462780567223,2.350804328918457
UV,M4_011,Lab_a,-18.600000000000012,9.728484153747559,9.760593316199651,0.09730249912164775,2.338862180709839
UV,M4_011,Lab_a,-18.400000000000013,9.835251808166504,9.8798181770794,0.11107108667674283,2.3332669734954834
UV,M4_011,Lab_a,-18.200000000000014,9.946849822998047,10.006554894592046,0.12570717497780803,2.3331761360168457
UV,M4_011,Lab_a,-18.000000000000014,10.101643562316895,10.141669810766757,0.1413108128401092,2.35178542137146
UV,M4_011,Lab_a,-17.800000000000015,10.23625373840332,10.286421896547324,0.15802739151460699,2.357085943222046
UV,M4_011,Lab_a,-17.600000000000016,10.367025375366211,10.442288483088802,0.17602751940634495,2.3618035316467285
UV,M4_011,Lab_a,-17.400000000000016,10.49642276763916,10.610607452632248,0.1954657007742375,2.3683762550354004
UV,M4_011,Lab_a,-17.200000000000017,10.626078605651855,10.792081332120166,0.2164230663794892,2.3806114196777344
UV,M4_011,Lab_a,-17.000000000000018,10.807799339294434,10.98623743522095,0.23884502841973418,2.448317766189575
UV,M4_011,Lab_a,-16.80000000000002,11.060087203979492,11.190990313078965,0.26249075050440235,2.5646204948425293
UV,M4_011,Lab_a,-16.60000000000002,11.344011306762695,11.402457447403734,0.2869118631187614,2.654935598373413
UV,M4_011,Lab_a,-16.40000000000002,11.638036727905273,11.615122005567754,0.3114712592660147,2.7441327571868896
UV,M4_011,Lab_a,-16.20000000000002,11.939665794372559,11.82235996464534,0.3354039689646815,2.8412673473358154
UV,M4_011,Lab_a,-16.00000000000002,12.20791244506836,12.017254493899742,0.35791120755776984,2.880317449569702
UV,M4_011,Lab_a,-15.800000000000022,12.435332298278809,12.193545097990551,0.3782699867557852,2.9225685596466064
UV,M4_011,Lab_a,-15.600000000000023,12.619277000427246,12.346525775123583,0.39593683771121085,3.001479148864746
UV,M4_011,Lab_a,-15.400000000000023,12.769392967224121,12.473715311541572,0.4106252194408346,3.045705795288086
UV,M4_011,Lab_a,-15.200000000000024,12.83218002319336,12.57517316239912,0.4223419980755598,3.0071074962615967
UV,M4_011,Lab_a,-15.000000000000025,12.815912246704102,12.653402876569231,0.43137629395154853,2.958779811859131
UV,M4_011,Lab_a,-14.800000000000026,12.795472145080566,12.712871112080338,0.43824393549325286,2.92867374420166
UV,M4_011,Lab_a,-14.600000000000026,12.777227401733398,12.759257342269574,0.4436008121295399,2.895021677017212
UV,M4_011,Lab_a,-14.400000000000027,12.735154151916504,12.798592118512307,0.448143357255295,2.838256597518921
UV,M4_011,Lab_a,-14.200000000000028,12.748983383178711,12.836462370451805,0.4525167729650303,2.8509774208068848
UV,M4_011,Lab_a,-14.000000000000028,12.80338191986084,12.877414191616975,0.45724606122833916,2.8865673542022705
UV,M4_011,Lab_a,-13.80000000000003,12.840529441833496,12.924633189048135,0.4626991093224819,2.939751625061035
UV,M4_011,Lab_a,-13.60000000000003,12.882052421569824,12.979903712247946,0.4690819814204419,3.0121724605560303
UV,M4_011,Lab_a,-13.40000000000003,12.969529151916504,13.043792123550597,0.4764600834227055,3.1105129718780518
UV,M4_011,Lab_a,-13.200000000000031,13.067829132080078,13.115974570002528,0.4847960154303493,3.152167320251465
UV,M4_011,Lab_a,-13.000000000000032,13.166558265686035,13.195621944251851,0.4939940286449866,3.1884725093841553
UV,M4_011,Lab_a,-12.800000000000033,13.266757011413574,13.281755874911903,0.5039411366307411,3.2289986610412598
UV,M4_011,Lab_a,-12.600000000000033,13.365159034729004,13.373509727293943,0.5145372567747903,3.2714102268218994
UV,M4_011,Lab_a,-12.400000000000034,13.445588111877441,13.470252819725301,0.5257095553093661,3.3030521869659424
UV,M4_011,Lab_a,-12.200000000000035,13.52011489868164,13.571561969500445,0.5374091613187051,3.3371310234069824
UV,M4_011,Lab_a,-12.000000000000036,13.638668060302734,13.677053612801245,0.5495917792425197,3.335918426513672
UV,M4_011,Lab_a,-11.800000000000036,13.762689590454102,13.786121965580355,0.5621874505953578,3.3269476890563965
UV,M4_011,Lab_a,-11.600000000000037,13.863622665405273,13.897660222084783,0.5750683568014285,3.301229238510132
UV,M4_011,Lab_a,-11.400000000000038,13.959454536437988,14.009851641321115,0.5880246929823851,3.2350008487701416
UV,M4_011,Lab_a,-11.200000000000038,14.11867618560791,14.120111290738315,0.6007579402731997,3.077359437942505
UV,M4_011,Lab_a,-11.000000000000039,14.275893211364746,14.225236341198485,0.6128982225164689,2.930945873260498
UV,M4_011,Lab_a,-10.80000000000004,14.4349946975708,14.321767517875257,0.6240460481298786,2.7914867401123047
UV,M4_011,Lab_a,-10.60000000000004,14.594598770141602,14.4064883447763,0.6338299649599732,2.663113594055176
UV,M4_011,Lab_a,-10.400000000000041,14.679736137390137,14.47695061338101,0.6419672436068581,2.5899460315704346
UV,M4_011,Lab_a,-10.200000000000042,14.672901153564453,14.531910829371975,0.6483142801253722,2.5858466625213623
UV,M4_011,Lab_a,-10.000000000000043,14.665904998779297,14.571587713592695,0.6528963333169239,2.593860387802124
UV,M4_011,Lab_a,-9.800000000000043,14.681403160095215,14.597710478434829,0.6559130998893994,2.619227170944214
UV,M4_011,Lab_a,-9.600000000000044,14.695751190185547,14.613376913399179,0.6577223255818531,2.6399765014648438
UV,M4_011,Lab_a,-9.400000000000045,14.672347068786621,14.622743076877137,0.6588039694684555,2.6847617626190186
UV,M4_011,Lab_a,-9.200000000000045,14.631583213806152,14.630567397983889,0.6597075549238929,2.73812198638916
UV,M4_011,Lab_a,-9.000000000000046,14.563752174377441,14.641634061248649,0.6609855796662097,2.796943187713623
UV,M4_011,Lab_a,-8.800000000000047,14.482278823852539,14.660116767679408,0.6631200402130222,2.852818489074707
UV,M4_011,Lab_a,-8.600000000000048,14.472760200500488,14.688998152946855,0.6664553838555562,2.856715202331543
UV,M4_011,Lab_a,-8.400000000000048,14.571945190429688,14.729681639710986,0.6711536837355071,2.7270607948303223
UV,M4_011,Lab_a,-8.200000000000049,14.703704833984375,14.781916027593605,0.6771859301784199,2.575321674346924
UV,M4_011,Lab_a,-8.00000000000005,14.826343536376953,14.844055637098613,0.6843620732059389,2.419111728668213
UV,M4_011,Lab_a,-7.8000000000000504,14.940679550170898,14.91357413557533,0.6923903613155876,2.2801947593688965
UV,M4_011,Lab_a,-7.600000000000051,15.022072792053223,14.987667835009898,0.7009470128429457,2.197373390197754
UV,M4_011,Lab_a,-7.400000000000052,15.060674667358398,15.063790140791792,0.7097379363493345,2.151498317718506
UV,M4_011,Lab_a,-7.200000000000053,15.136340141296387,15.140015652200619,0.7185407784748782,2.1139397621154785
UV,M4_011,Lab_a,-7.000000000000053,15.245972633361816,15.215207576941273,0.7272242576719897,2.090803623199463
UV,M4_011,Lab_a,-6.800000000000054,15.327875137329102,15.289035002917739,0.735750158822334,2.005298614501953
UV,M4_011,Lab_a,-6.600000000000055,15.39635944366455,15.361894802855204,0.7441643144546689,1.9495006799697876
UV,M4_011,Lab_a,-6.400000000000055,15.43955135345459,15.434776806681015,0.7525810342852634,1.9181870222091675
UV,M4_011,Lab_a,-6.200000000000056,15.471658706665039,15.509095445305308,0.761163662734762,1.8958356380462646
UV,M4_011,Lab_a,-6.000000000000057,15.523721694946289,15.586499299471251,0.7701025848297144,1.9068728685379028
UV,M4_011,Lab_a,-5.8000000000000576,15.604598999023438,15.668673050634924,0.7795923546585823,1.935520052909851
UV,M4_011,Lab_a,-5.600000000000058,15.717135429382324,15.757146581542411,0.789809649504804,1.9262628555297852
UV,M4_011,Lab_a,-5.400000000000059,15.80090618133545,15.853122712671897,0.8008933761277979,1.9055094718933105
UV,M4_011,Lab_a,-5.20000000000006,15.876144409179688,15.95733194639291,0.8129278960085492,1.8725991249084473
UV,M4_011,Lab_a,-5.00000000000006,15.971487998962402,16.069917380872877,0.8259297347242959,1.8538058996200562
UV,M4_011,Lab_a,-4.800000000000061,16.098764419555664,16.19036001487463,0.8398389558329037,1.805511236190796
UV,M4_011,Lab_a,-4.600000000000062,16.268959045410156,16.317461057021514,0.8545171178725159,1.7382711172103882
UV,M4_011,Lab_a,-4.4000000000000625,16.440719604492188,16.449390926060097,0.8697529331176441,1.649868130683899
UV,M4_011,Lab_a,-4.200000000000063,16.6112117767334,16.58379573749846,0.8852745651032886,1.5629985332489014
UV,M4_011,Lab_a,-4.000000000000064,16.734888076782227,16.7179477773953,0.9007670059699401,1.4889194965362549
UV,M4_011,Lab_a,-3.8000000000000647,16.866334915161133,16.84892325545715,0.9158926041376235,1.4194507598876953
UV,M4_011,Lab_a,-3.6000000000000654,17.026288986206055,16.973798435264893,0.9303137142479997,1.3568382263183594
UV,M4_011,Lab_a,-3.400000000000066,17.18794822692871,17.08986053876238,0.943717053300292,1.3073188066482544
UV,M4_011,Lab_a,-3.200000000000067,17.328468322753906,17.194830078608682,0.9558393765248884,1.2167001962661743
UV,M4_011,Lab_a,-3.0000000000000675,17.44097900390625,17.28705656568969,0.9664900785085497,1.1228318214416504
UV,M4_011,Lab_a,-2.800000000000068,17.49919891357422,17.365641616433994,0.9755654101441712,1.0411708354949951
UV,M4_011,Lab_a,-2.600000000000069,17.5235595703125,17.430447035867935,0.9830494120959189,0.9503979086875916
UV,M4_011,Lab_a,-2.4000000000000696,17.546241760253906,17.481979992049517,0.9890006542607106,0.8562185764312744
UV,M4_011,Lab_a,-2.2000000000000703,17.583711624145508,17.521190652270747,0.9935288659471441,0.795111894607544
UV,M4_011,Lab_a,-2.000000000000071,17.61225128173828,17.549239649411824,0.9967680819136785,0.7423087358474731
UV,M4_011,Lab_a,-1.8000000000000718,17.631725311279297,17.56729334053421,0.9988529979712609,0.7063507437705994
UV,M4_011,Lab_a,-1.6000000000000725,17.63792610168457,17.576370274247402,0.9999012403901633,0.6633083820343018
UV,M4_011,Lab_a,-1.4000000000000732,17.638975143432617,17.577225452797578,1.0,0.6567676067352295
UV,M4_011,Lab_a,-1.200000000000074,17.605606079101562,17.57024856164739,0.9991942793142731,0.7116454839706421
UV,M4_011,Lab_a,-1.0000000000000746,17.577980041503906,17.555365963019536,0.9974755743332573,0.7652352452278137
UV,M4_011,Lab_a,-0.8000000000000753,17.561416625976562,17.53196571478059,0.9947732154098625,0.8440195918083191
UV,M4_011,Lab_a,-0.600000000000076,17.566736221313477,17.498887697775228,0.9909532271127354,0.9510215520858765
UV,M4_011,Lab_a,-0.40000000000007674,17.54904556274414,17.45452992773771,0.9858306055721966,1.04914128780365
UV,M4_011,Lab_a,-0.20000000000007745,17.51445960998535,17.39708897700446,0.9791970833891317,1.1609476804733276
UV,M4_011,Lab_a,-7.815970093361102e-14,17.462427139282227,17.324907840924986,0.9708613027088013,1.261351466178894
UV,M4_011,Lab_a,0.19999999999992113,17.399473190307617,17.23686447700539,0.9606936853525965,1.3526928424835205
UV,M4_011,Lab_a,0.3999999999999204,17.302528381347656,17.132698947844943,0.9486642126580132,1.4343395233154297
UV,M4_011,Lab_a,0.5999999999999197,17.157398223876953,17.01318570551702,0.9348623216023801,1.5429236888885498
UV,M4_011,Lab_a,0.799999999999919,16.971195220947266,16.88010117605473,0.9194931613231465,1.6830766201019287
UV,M4_011,Lab_a,0.9999999999999183,16.77057647705078,16.735991997178534,0.9028508282375075,1.8213245868682861
UV,M4_011,Lab_a,1.1999999999999176,16.567272186279297,16.58381618286938,0.885276926220572,1.9580878019332886
UV,M4_011,Lab_a,1.3999999999999169,16.403173446655273,16.426559362105216,0.8671162482432571,2.0531399250030518
UV,M4_011,Lab_a,1.5999999999999162,16.272560119628906,16.266928278940256,0.8486813804744597,2.1187660694122314
UV,M4_011,Lab_a,1.7999999999999154,16.109642028808594,16.107173810597466,0.830232263667237,2.181710958480835
UV,M4_011,Lab_a,1.9999999999999147,15.926214218139648,15.94905287255257,0.8119717937979474,2.241272211074829
UV,M4_011,Lab_a,2.199999999999914,15.742499351501465,15.793895696259856,0.7940535915805235,2.2607388496398926
UV,M4_011,Lab_a,2.3999999999999133,15.586528778076172,15.642735648518979,0.7765969945520582,2.1863293647766113
UV,M4_011,Lab_a,2.5999999999999126,15.45956802368164,15.49644991485035,0.7597033037797173,2.1032514572143555
UV,M4_011,Lab_a,2.799999999999912,15.346796035766602,15.355877457517405,0.7434694061484534,2.039401054382324
UV,M4_011,Lab_a,2.999999999999911,15.193329811096191,15.221870957395351,0.7279937728261103,1.9528167247772217
UV,M4_011,Lab_a,3.1999999999999105,15.035690307617188,15.095258441835885,0.7133720278881176,1.9320452213287354
UV,M4_011,Lab_a,3.3999999999999098,14.888625144958496,14.97670477096424,0.6996809521734599,1.9051895141601562
UV,M4_011,Lab_a,3.599999999999909,14.752756118774414,14.866510858848043,0.6869552965021937,1.8776557445526123
UV,M4_011,Lab_a,3.7999999999999083,14.669292449951172,14.76441553829096,0.6751649001898549,1.8576698303222656
UV,M4_011,Lab_a,3.9999999999999076,14.6162691116333,14.669481800584123,0.6642015535362792,1.8326008319854736
UV,M4_011,Lab_a,4.199999999999907,14.5675630569458,14.580120745194813,0.6538817636362149,1.8000733852386475
UV,M4_011,Lab_a,4.399999999999906,14.489144325256348,14.494264625524579,0.6439667384300825,1.8061444759368896
UV,M4_011,Lab_a,4.5999999999999055,14.42907428741455,14.409639059777,0.6341938227579877,1.8294252157211304
UV,M4_011,Lab_a,4.799999999999905,14.375863075256348,14.324050214893912,0.6243096635665518,1.8639585971832275
UV,M4_011,Lab_a,4.999999999999904,14.296233177185059,14.23561006889561,0.6140962241498249,1.8999452590942383
UV,M4_011,Lab_a,5.199999999999903,14.187149047851562,14.1428353481858,0.6033822098446969,1.9669679403305054
UV,M4_011,Lab_a,5.399999999999903,14.091760635375977,14.044626718647137,0.5920406649312346,2.0407590866088867
UV,M4_011,Lab_a,5.599999999999902,13.971001625061035,13.940172611947727,0.5799778660907257,2.091822862625122
UV,M4_011,Lab_a,5.799999999999901,13.850943565368652,13.828858330650126,0.5671228254820029,2.1522536277770996
UV,M4_011,Lab_a,5.9999999999999005,13.74623966217041,13.710260864713423,0.5534266921293384,2.272043228149414
UV,M4_011,Lab_a,6.1999999999999,13.675704956054688,13.5842611415803,0.538875715033832,2.3534064292907715
UV,M4_011,Lab_a,6.399999999999899,13.56579303741455,13.451244411893434,0.5235143845573533,2.403174638748169
UV,M4_011,Lab_a,6.599999999999898,13.399236679077148,13.312307519569806,0.5074693688410413,2.4107472896575928
UV,M4_011,Lab_a,6.799999999999898,13.19235610961914,13.169354842188651,0.4909605934041558,2.3350563049316406
UV,M4_011,Lab_a,6.999999999999897,13.007554054260254,13.02500932713444,0.4742909672243127,2.24820613861084
UV,M4_011,Lab_a,7.199999999999896,12.820001602172852,12.882327680181847,0.4578134915193641,2.17988920211792
UV,M4_011,Lab_a,7.3999999999998956,12.644662857055664,12.744374806675475,0.4418821144279268,2.121081829071045
UV,M4_011,Lab_a,7.599999999999895,12.52380084991455,12.613773824155967,0.4267997645779658,2.1091012954711914
UV,M4_011,Lab_a,7.799999999999894,12.374835968017578,12.492347833244613,0.4127769812843589,2.0019919872283936
UV,M4_011,Lab_a,7.999999999999893,12.274206161499023,12.38094064816671,0.3999112117569873,1.840712308883667
UV,M4_011,Lab_a,8.199999999999893,12.196094512939453,12.279442330930003,0.38818975989487997,1.691717267036438
UV,M4_011,Lab_a,8.399999999999892,12.140997886657715,12.18697670924623,0.3775114416431739,1.5543253421783447
UV,M4_011,Lab_a,8.599999999999891,12.099419593811035,12.102167502571056,0.3677173183456594,1.4643633365631104
UV,M4_011,Lab_a,8.79999999999989,12.01790714263916,12.023380251329405,0.3586186357475721,1.4634402990341187
UV,M4_011,Lab_a,8.99999999999989,11.934081077575684,11.948852348020981,0.3500118405336555,1.4809895753860474
UV,M4_011,Lab_a,9.19999999999989,11.846245765686035,11.876695417738842,0.3416788552404408,1.5044535398483276
UV,M4_011,Lab_a,9.399999999999888,11.752785682678223,11.804819742403229,0.3333783504494297,1.5366100072860718
UV,M4_011,Lab_a,9.599999999999888,11.734466552734375,11.730878219984461,0.32483927296284193,1.4654196500778198
UV,M4_011,Lab_a,9.799999999999887,11.72310733795166,11.652321214739823,0.31576718013928395,1.3275693655014038
UV,M4_011,Lab_a,9.999999999999886,11.673303604125977,11.566614035554347,0.30586935520572683,1.1912580728530884
UV,M4_011,Lab_a,10.19999999999989,11.606940269470215,11.471587562504496,0.29489529908534773,1.0531160831451416
UV,M4_011,Lab_a,10.399999999999885,11.49570369720459,11.36583344867617,0.2826823699629107,0.8961821794509888
UV,M4_011,Lab_a,10.59999999999988,11.35135555267334,11.249032156334907,0.269193666279113,0.7925359606742859
UV,M4_011,Lab_a,10.799999999999883,11.20466136932373,11.122126574854372,0.25453807685798246,0.7218433022499084
UV,M4_011,Lab_a,10.999999999999886,11.03505802154541,10.987292691547662,0.23896689385132444,0.6707995533943176
UV,M4_011,Lab_a,11.199999999999882,10.88211727142334,10.847699348526005,0.22284606845199223,0.657931923866272
UV,M4_011,Lab_a,11.399999999999878,10.702071189880371,10.70709203646321,0.20660814565017163,0.6645439863204956
UV,M4_011,Lab_a,11.59999999999988,10.481075286865234,10.56925701296295,0.19069037837228778,0.6759375929832458
UV,M4_011,Lab_a,11.799999999999883,10.291999816894531,10.43745486265216,0.1754693126221313,0.709788978099823
UV,M4_011,Lab_a,11.99999999999988,10.172648429870605,10.313930904625192,0.16120424727672825,0.8077207803726196
UV,M4_011,Lab_a,12.199999999999875,10.089559555053711,10.19960777695226,0.1480017324545495,0.900609016418457
UV,M4_011,Lab_a,12.399999999999878,10.027390480041504,10.09403296935835,0.135809510368963,0.9555882811546326
UV,M4_011,Lab_a,12.59999999999988,9.979355812072754,9.99559932510531,0.12444197981145598,1.023607611656189
UV,M4_011,Lab_a,12.799999999999876,9.910372734069824,9.901987744792494,0.11363132144543103,1.0684009790420532
UV,M4_011,Lab_a,12.999999999999872,9.825224876403809,9.810732166004875,0.10309274402829748,1.0860549211502075
UV,M4_011,Lab_a,13.199999999999875,9.760819435119629,9.719790181929827,0.09259038184534402,1.1503524780273438
UV,M4_011,Lab_a,13.399999999999878,9.693096160888672,9.628007055080237,0.08199088096285963,1.253568172454834
UV,M4_011,Lab_a,13.599999999999874,9.597492218017578,9.535383657735169,0.07129434211529319,1.353810429573059
UV,M4_011,Lab_a,13.79999999999987,9.470691680908203,9.443097157481462,0.060636709558455425,1.4442378282546997
UV,M4_011,Lab_a,13.999999999999872,9.299742698669434,9.3532747897205,0.05026364536867927,1.5112216472625732
UV,M4_011,Lab_a,14.199999999999875,9.16625690460205,9.26856838625965,0.04048139421802169,1.4730137586593628
UV,M4_011,Lab_a,14.39999999999987,9.066539764404297,9.191616484154093,0.031594665444732405,1.4092261791229248
UV,M4_011,Lab_a,14.599999999999866,9.008156776428223,9.12450981610078,0.023844905639563416,1.3573466539382935
UV,M4_011,Lab_a,14.79999999999987,8.966554641723633,9.068359002040008,0.01736037385667153,1.3311278820037842
UV,M4_011,Lab_a,14.999999999999872,8.91927433013916,9.023019114424002,0.01212433325429425,1.245416283607483
UV,M4_011,Lab_a,15.199999999999868,8.916790008544922,8.987008972013637,0.007965730803513158,1.0775526762008667
UV,M4_011,Lab_a,15.399999999999864,8.901468276977539,8.95763050755193,0.004572982368409062,0.9754913449287415
UV,M4_011,Lab_a,15.599999999999866,8.89363956451416,8.931279882897453,0.0015299015880293697,0.9689038395881653
UV,M4_011,Lab_a,15.79999999999987,8.966602325439453,8.903942956772505,-0.0016270814276030466,1.0357460975646973
UV,M4_011,Lab_a,15.999999999999865,8.998984336853027,8.871837234122793,-0.00533478508991234,1.1155749559402466
UV,M4_011,Lab_a,16.19999999999986,8.971771240234375,8.832109043903163,-0.009922763313650123,1.2191898822784424
UV,M4_011,Lab_a,16.399999999999864,8.935684204101562,8.783454712892794,-0.01554156975643141,1.3616632223129272
UV,M4_011,Lab_a,16.599999999999866,8.861618041992188,8.726509306804665,-0.022117864363104575,1.4293668270111084
UV,M4_011,Lab_a,16.799999999999862,8.72208023071289,8.663873948886877,-0.029351258498960246,1.4766162633895874
UV,M4_011,Lab_a,16.999999999999858,8.556690216064453,8.59972379975869,-0.03675958708434402,1.5409783124923706
UV,M4_011,Lab_a,17.19999999999986,8.431381225585938,8.539050232160113,-0.043766425436653565,1.5902172327041626
UV,M4_011,Lab_a,17.399999999999864,8.334880828857422,8.486679946867278,-0.04981436588312615,1.6558398008346558
UV,M4_011,Lab_a,17.59999999999986,8.218193054199219,8.446287607298824,-0.05447904286240418,1.7261499166488647
UV,M4_011,Lab_a,17.799999999999855,8.218819618225098,8.419612517430425,-0.05755959424810496,1.7384155988693237
UV,M4_011,Lab_a,17.999999999999858,8.281401634216309,8.406049800962954,-0.059125873695104234,1.6971039772033691
UV,M4_011,Lab_a,18.19999999999986,8.331603050231934,8.402695873841022,-0.05951319928215862,1.657623529434204
UV,M4_011,Lab_a,18.399999999999856,8.407215118408203,8.40482710758092,-0.05926707546090507,1.6567834615707397
UV,M4_011,Lab_a,18.599999999999852,8.490713119506836,8.406706430010424,-0.05905004341554181,1.6672340631484985
UV,M4_011,Lab_a,18.799999999999855,8.537985801696777,8.402549610218218,-0.059530090419475525,1.6795912981033325
UV,M4_011,Lab_a,18.999999999999858,8.567038536071777,8.387472127160965,-0.06127130147271071,1.7057018280029297
UV,M4_011,Lab_a,19.199999999999854,8.563899993896484,8.358245578438588,-0.06464650604034847,1.7122238874435425
UV,M4_011,Lab_a,19.39999999999985,8.513105392456055,8.31372879840305,-0.0697874907231356,1.6902971267700195
UV,M4_011,Lab_a,19.599999999999852,8.380074501037598,8.254915054258063,-0.07657954885369578,1.5725061893463135
UV,M4_011,Lab_a,19.799999999999855,8.229673385620117,8.184625653777447,-0.0846968639637434,1.4508943557739258
UV,M4_011,Lab_a,19.99999999999985,8.074082374572754,8.106951987327994,-0.093666945114127,1.340184211730957
UV,M4_011,Lab_a,20.199999999999847,7.959270000457764,8.02660090711594,-0.1029462252481754,1.2639997005462646
UV,M4_011,Lab_a,20.39999999999985,7.876202583312988,7.9482890361315715,-0.11199000893804786,1.2337640523910522
UV,M4_011,Lab_a,20.599999999999852,7.813337802886963,7.87627026887278,-0.12030703858518513,1.2460057735443115
UV,M4_011,Lab_a,20.799999999999848,7.748816013336182,7.814002087147412,-0.1274980296725811,1.2516324520111084
UV,M4_011,Lab_a,20.999999999999844,7.649580001831055,7.763909470519941,-0.13328293537773253,1.2512662410736084
UV,M4_011,Lab_a,21.199999999999847,7.546711444854736,7.727221119557392,-0.137519860199892,1.2642730474472046
UV,M4_011,Lab_a,21.39999999999985,7.5161356925964355,7.703879269555957,-0.140215475049607,1.2192736864089966
UV,M4_011,Lab_a,21.599999999999845,7.571842670440674,7.692582357344145,-0.14152008990713602,1.085815668106079
UV,M4_011,Lab_a,21.79999999999984,7.670437335968018,7.691018092959323,-0.1417007377265826,0.9466174840927124
UV,M4_011,Lab_a,21.999999999999844,7.748971939086914,7.69627855245178,-0.14109323777592228,0.808559775352478
NIR,M4_011,Lab_a,-22.0,-7.231356620788574,-7.175514086527517,0.04041133937053914,0.6749507188796997
NIR,M4_011,Lab_a,-21.8,-7.279763698577881,-7.151678585542828,0.04944522125608567,0.6773436069488525
NIR,M4_011,Lab_a,-21.6,-7.237590312957764,-7.124262676828635,0.05983611177137371,0.5491999983787537
NIR,M4_011,Lab_a,-21.400000000000002,-7.1084489822387695,-7.09509941747633,0.07088926482049615,0.5254944562911987
NIR,M4_011,Lab_a,-21.200000000000003,-6.967440605163574,-7.066323366736256,0.08179566211775906,0.4238261878490448
NIR,M4_011,Lab_a,-21.000000000000004,-6.827633857727051,-7.0398136375799565,0.09184310195003585,0.4430772364139557
NIR,M4_011,Lab_a,-20.800000000000004,-6.928382873535156,-7.016692115525682,0.10060637902092871,0.44737014174461365
NIR,M4_011,Lab_a,-20.600000000000005,-6.974884510040283,-6.997125625955393,0.10802226492180886,0.44463568925857544
NIR,M4_011,Lab_a,-20.400000000000006,-7.0456223487854,-6.98045662058281,0.11433997671574936,0.31433504819869995
NIR,M4_011,Lab_a,-20.200000000000006,-7.0488433837890625,-6.965658350561915,0.11994866199427844,0.39208871126174927
NIR,M4_011,Lab_a,-20.000000000000007,-7.002844333648682,-6.951834151430085,0.12518816512867637,0.35297083854675293
NIR,M4_011,Lab_a,-19.800000000000008,-6.96003532409668,-6.938593167694119,0.13020662407342423,0.4086114466190338
NIR,M4_011,Lab_a,-19.60000000000001,-6.856744766235352,-6.926188087455595,0.13490826763138994,0.40601015090942383
NIR,M4_011,Lab_a,-19.40000000000001,-6.83188009262085,-6.915427318257706,0.13898670164432747,0.35097968578338623
NIR,M4_011,Lab_a,-19.20000000000001,-6.821427822113037,-6.907479383677666,0.14199904454730444,0.44649767875671387
NIR,M4_011,Lab_a,-19.00000000000001,-6.9712605476379395,-6.9036758779099205,0.14344060945835369,0.5452698469161987
NIR,M4_011,Lab_a,-18.80000000000001,-6.928575038909912,-6.905297063016057,0.1428261648627543,0.5520815849304199
NIR,M4_011,Lab_a,-18.600000000000012,-6.8923234939575195,-6.913277237983412,0.1398016025459232,0.4905605912208557
NIR,M4_011,Lab_a,-18.400000000000013,-6.805408954620361,-6.927795580744607,0.13429901236488367,0.5562087893486023
NIR,M4_011,Lab_a,-18.200000000000014,-6.715884208679199,-6.947801665039337,0.12671651587668442,0.5500370264053345
NIR,M4_011,Lab_a,-18.000000000000014,-6.862922191619873,-6.970670310819023,0.11804908132228617,0.5917234420776367
NIR,M4_011,Lab_a,-17.800000000000015,-6.928410530090332,-6.992243981812087,0.10987245454552282,0.5506004095077515
NIR,M4_011,Lab_a,-17.600000000000016,-7.29609489440918,-7.007378680112674,0.10413625974480481,0.5476741194725037
NIR,M4_011,Lab_a,-17.400000000000016,-7.231661796569824,-7.010951388114437,0.10278216938521022,0.554546058177948
NIR,M4_011,Lab_a,-17.200000000000017,-7.284400463104248,-6.999020838712022,0.10730396123679847,0.4558820426464081
NIR,M4_011,Lab_a,-17.000000000000018,-7.222497463226318,-6.969836124278769,0.11836524596594124,0.3847920000553131
NIR,M4_011,Lab_a,-16.80000000000002,-6.999414443969727,-6.92436403759169,0.13559959990229334,0.5554742217063904
NIR,M4_011,Lab_a,-16.60000000000002,-6.896894454956055,-6.866198576896417,0.15764486348106307,0.7401331663131714
NIR,M4_011,Lab_a,-16.40000000000002,-6.871063709259033,-6.800935987525339,0.18238000642192065,0.6239561438560486
NIR,M4_011,Lab_a,-16.20000000000002,-6.668446063995361,-6.735175370548866,0.20730390656850123,0.46975037455558777
NIR,M4_011,Lab_a,-16.00000000000002,-6.492186069488525,-6.675394775250145,0.22996132154472543,0.631130576133728
NIR,M4_011,Lab_a,-15.800000000000022,-6.420599460601807,-6.626924853149638,0.24833188365453326,0.7027565240859985
NIR,M4_011,Lab_a,-15.600000000000023,-6.354362487792969,-6.593195859311893,0.2611154935582746,0.725058913230896
NIR,M4_011,Lab_a,-15.400000000000023,-6.37040376663208,-6.575350622268502,0.267879008358032,0.6687445640563965
NIR,M4_011,Lab_a,-15.200000000000024,-6.5385637283325195,-6.572273831013023,0.2690451415476106,0.8028603792190552
NIR,M4_011,Lab_a,-15.000000000000025,-6.563728332519531,-6.580965389020501,0.2657509582832701,0.7457273006439209
NIR,M4_011,Lab_a,-14.800000000000026,-6.547719955444336,-6.597183631339165,0.25960408997988954,0.7276860475540161
NIR,M4_011,Lab_a,-14.600000000000026,-6.578212261199951,-6.616186896692028,0.2524016714216333,0.7603030800819397
NIR,M4_011,Lab_a,-14.400000000000027,-6.775720119476318,-6.633455721454777,0.2458566223660633,0.8828820586204529
NIR,M4_011,Lab_a,-14.200000000000028,-6.809405326843262,-6.645292068264371,0.24137053419435187,0.9145470857620239
NIR,M4_011,Lab_a,-14.000000000000028,-6.73484992980957,-6.649174110718296,0.23989920313124694,0.8217663764953613
NIR,M4_011,Lab_a,-13.80000000000003,-6.7691144943237305,-6.643896055783925,0.2418996362202416,0.8785660266876221
NIR,M4_011,Lab_a,-13.60000000000003,-6.664056777954102,-6.629456392624524,0.24737240608284672,0.8439902067184448
NIR,M4_011,Lab_a,-13.40000000000003,-6.58914041519165,-6.606811035968061,0.2559552119329093,0.9222120642662048
NIR,M4_011,Lab_a,-13.200000000000031,-6.621095180511475,-6.577552986005623,0.26704429152607023,1.0299322605133057
NIR,M4_011,Lab_a,-13.000000000000032,-6.585040092468262,-6.543629780082895,0.27990150965972077,1.000749111175537
NIR,M4_011,Lab_a,-12.800000000000033,-6.555299758911133,-6.5071305398730725,0.29373506932265925,0.8799080848693848
NIR,M4_011,Lab_a,-12.600000000000033,-6.440452575683594,-6.470122350102508,0.30776152571641946,0.8684321045875549
NIR,M4_011,Lab_a,-12.400000000000034,-6.38498067855835,-6.434505602875517,0.32126061213388896,0.87965327501297
NIR,M4_011,Lab_a,-12.200000000000035,-6.388509750366211,-6.401862334871088,0.33363272160621266,0.8823633193969727
NIR,M4_011,Lab_a,-12.000000000000036,-6.228921413421631,-6.3733556879041835,0.3444370123076083,0.7354506254196167
NIR,M4_011,Lab_a,-11.800000000000036,-6.3131489753723145,-6.3497297577561,0.35339146485010203,0.8829284310340881
NIR,M4_011,Lab_a,-11.600000000000037,-6.2765045166015625,-6.331414689626828,0.3603330501061391,1.0220235586166382
NIR,M4_011,Lab_a,-11.400000000000038,-6.356019496917725,-6.318690119226902,0.36515578347814126,1.074318289756775
NIR,M4_011,Lab_a,-11.200000000000038,-6.347172737121582,-6.3118242508703215,0.3677580129766907,1.081155776977539
NIR,M4_011,Lab_a,-11.000000000000039,-6.318722724914551,-6.311008238249452,0.3680672895318083,1.2407904863357544
NIR,M4_011,Lab_a,-10.80000000000004,-6.222264289855957,-6.316051140432512,0.3661559815751857,1.3430997133255005
NIR,M4_011,Lab_a,-10.60000000000004,-6.0104899406433105,-6.325982857875374,0.36239176607339807,1.271888256072998
NIR,M4_011,Lab_a,-10.400000000000041,-6.247854232788086,-6.3387852274726395,0.35753954606463473,1.3462496995925903
NIR,M4_011,Lab_a,-10.200000000000042,-6.493906021118164,-6.351466669220726,0.3527331588624424,1.3782151937484741
NIR,M4_011,Lab_a,-10.000000000000043,-6.484585285186768,-6.360615215417786,0.3492657727218368,1.4263118505477905
NIR,M4_011,Lab_a,-9.800000000000043,-6.51936674118042,-6.363282328542592,0.3482549114456099,1.4086092710494995
NIR,M4_011,Lab_a,-9.600000000000044,-6.543179035186768,-6.357870628073573,0.3503059974650932,1.4018157720565796
NIR,M4_011,Lab_a,-9.400000000000045,-6.554985523223877,-6.344669406164608,0.3553093862987108,1.366260290145874
NIR,M4_011,Lab_a,-9.200000000000045,-6.371206283569336,-6.325789651242177,0.36246499322750436,1.4091591835021973
NIR,M4_011,Lab_a,-9.000000000000046,-6.102476596832275,-6.3045282862877166,0.37052325304119454,1.367020606994629
NIR,M4_011,Lab_a,-8.800000000000047,-6.026916027069092,-6.284393777012226,0.37815442382023806,1.3226909637451172
NIR,M4_011,Lab_a,-8.600000000000048,-6.26873779296875,-6.268193272647751,0.38429456927004246,1.364628553390503
NIR,M4_011,Lab_a,-8.400000000000048,-6.170508861541748,-6.257549973703483,0.38832848093805555,1.0640249252319336
NIR,M4_011,Lab_a,-8.200000000000049,-6.213740348815918,-6.252881520713785,0.3900978690840923,0.8625903725624084
NIR,M4_011,Lab_a,-8.00000000000005,-6.354240417480469,-6.253787048953653,0.38975466525681624,0.8020936846733093
NIR,M4_011,Lab_a,-7.8000000000000504,-6.3130106925964355,-6.259521177211894,0.38758137603437426,0.7097530961036682
NIR,M4_011,Lab_a,-7.600000000000051,-6.214820384979248,-6.26925700835699,0.3838914033050862,0.8575594425201416
NIR,M4_011,Lab_a,-7.400000000000052,-6.197085380554199,-6.282024771465488,0.37905229948516256,0.923102855682373
NIR,M4_011,Lab_a,-7.200000000000053,-6.1911211013793945,-6.2963426601357595,0.373625683313733,0.9608280062675476
NIR,M4_011,Lab_a,-7.000000000000053,-6.237460613250732,-6.309869380418354,0.3684989274964218,1.011329174041748
NIR,M4_011,Lab_a,-6.800000000000054,-6.341670513153076,-6.319249573380364,0.3649437450256667,1.1975213289260864
NIR,M4_011,Lab_a,-6.600000000000055,-6.4796648025512695,-6.320390387731198,0.36451136552143926,1.2358044385910034
NIR,M4_011,Lab_a,-6.400000000000055,-6.521739482879639,-6.309149581989913,0.3687717379562529,1.2099826335906982
NIR,M4_011,Lab_a,-6.200000000000056,-6.460587978363037,-6.282180564240296,0.3789932525397201,1.1724674701690674
NIR,M4_011,Lab_a,-6.000000000000057,-6.531842231750488,-6.237692622303932,0.3958546062424311,1.1443588733673096
NIR,M4_011,Lab_a,-5.8000000000000576,-6.427309036254883,-6.175822210328103,0.41930408164295957,1.0636067390441895
NIR,M4_011,Lab_a,-5.600000000000058,-6.042980670928955,-6.09856409262387,0.4485856440690235,1.1221601963043213
NIR,M4_011,Lab_a,-5.400000000000059,-5.951764106750488,-6.0093164065970175,0.4824113670795372,1.1073395013809204
NIR,M4_011,Lab_a,-5.20000000000006,-5.956382751464844,-5.912267443867221,0.5191938482608202,1.012311339378357
NIR,M4_011,Lab_a,-5.00000000000006,-5.822013854980469,-5.811775135139303,0.5572813903702574,1.035023808479309
NIR,M4_011,Lab_a,-4.800000000000061,-5.753532886505127,-5.711928425993269,0.5951242440893878,1.138337254524231
NIR,M4_011,Lab_a,-4.600000000000062,-5.483190059661865,-5.616285467325888,0.6313738363400537,0.9833192229270935
NIR,M4_011,Lab_a,-4.4000000000000625,-5.458642959594727,-5.527694429282756,0.664950683510738,0.8390253782272339
NIR,M4_011,Lab_a,-4.200000000000063,-5.274202346801758,-5.448135652122141,0.6951042177825449,0.7518210411071777
NIR,M4_011,Lab_a,-4.000000000000064,-5.324690818786621,-5.378548047045289,0.7214785828678918,0.7935919761657715
NIR,M4_011,Lab_a,-3.8000000000000647,-5.273457050323486,-5.318663672145847,0.7441753313011991,0.755911648273468
NIR,M4_011,Lab_a,-3.6000000000000654,-5.126996994018555,-5.266949746511585,0.7637754016466032,0.7763878107070923
NIR,M4_011,Lab_a,-3.400000000000066,-5.162280559539795,-5.220770552389581,0.7812777560353733,0.7052726745605469
NIR,M4_011,Lab_a,-3.200000000000067,-5.0957722663879395,-5.17685139075628,0.7979235365860874,0.6851992607116699
NIR,M4_011,Lab_a,-3.0000000000000675,-5.250256538391113,-5.131986679105497,0.8149276895989661,0.827524721622467
NIR,M4_011,Lab_a,-2.800000000000068,-5.318979263305664,-5.083840619005574,0.8331755049260495,1.1693553924560547
NIR,M4_011,Lab_a,-2.600000000000069,-5.301273822784424,-5.031569558430168,0.8529867347203715,1.2095463275909424
NIR,M4_011,Lab_a,-2.4000000000000696,-4.975048542022705,-4.976001697979896,0.8740474830664097,1.3100558519363403
NIR,M4_011,Lab_a,-2.2000000000000703,-4.730626583099365,-4.919279474771425,0.8955457458921033,1.417664885520935
NIR,M4_011,Lab_a,-2.000000000000071,-4.741820812225342,-4.864116791037132,0.9164529284038311,1.3779873847961426
NIR,M4_011,Lab_a,-1.8000000000000718,-4.6519904136657715,-4.812959470276131,0.9358420402010934,1.3460407257080078
NIR,M4_011,Lab_a,-1.6000000000000725,-4.65684700012207,-4.767442441300275,0.953093427692928,1.2095983028411865
NIR,M4_011,Lab_a,-1.4000000000000732,-4.77556037902832,-4.728320009374039,0.9679212019999993,1.1276026964187622
NIR,M4_011,Lab_a,-1.200000000000074,-4.79465389251709,-4.695828378411814,0.9802358395891171,1.0253907442092896
NIR,M4_011,Lab_a,-1.0000000000000746,-4.683486461639404,-4.670258320075332,0.9899271352311384,0.9222742319107056
NIR,M4_011,Lab_a,-0.8000000000000753,-4.584623336791992,-4.6524034483521595,0.9966943016662948,0.7518509030342102
NIR,M4_011,Lab_a,-0.600000000000076,-4.533117771148682,-4.643681508339397,1.0,0.6750393509864807
NIR,M4_011,Lab_a,-0.40000000000007674,-4.456965923309326,-4.645871233325301,0.9991700733751226,0.7543565034866333
NIR,M4_011,Lab_a,-0.20000000000007745,-4.533252239227295,-4.660598830280199,0.993588173861706,0.734478771686554
NIR,M4_011,Lab_a,-7.815970093361102e-14,-4.607655048370361,-4.6887572571187714,0.9829158619054408,0.6864859461784363
NIR,M4_011,Lab_a,0.19999999999992113,-4.669254779815674,-4.730010433161671,0.9672805152846754,0.6667247414588928
NIR,M4_011,Lab_a,0.3999999999999204,-4.607137680053711,-4.78257405677087,0.9473584013141383,0.6850984692573547
NIR,M4_011,Lab_a,0.5999999999999197,-4.632792949676514,-4.843329050435909,0.9243316800767857,0.6412144899368286
NIR,M4_011,Lab_a,0.799999999999919,-4.927055835723877,-4.908325177421289,0.8996975289179292,0.5924451947212219
NIR,M4_011,Lab_a,0.9999999999999183,-5.234195232391357,-4.97360165976025,0.8749571204099253,0.8159041404724121
NIR,M4_011,Lab_a,1.1999999999999176,-5.160261154174805,-5.036179129426009,0.8512396634108059,0.8418896198272705
NIR,M4_011,Lab_a,1.3999999999999169,-5.204411029815674,-5.094948441336077,0.8289655344704735,0.900519847869873
NIR,M4_011,Lab_a,1.5999999999999162,-5.229371547698975,-5.151141312128316,0.8076679012521514,0.8085309267044067
NIR,M4_011,Lab_a,1.7999999999999154,-5.268232345581055,-5.20820367595318,0.7860407218933022,0.8407482504844666
NIR,M4_011,Lab_a,1.9999999999999147,-5.082095146179199,-5.270997994520108,0.762241077095343,0.9452800750732422
NIR,M4_011,Lab_a,2.199999999999914,-5.135760307312012,-5.344509655133569,0.7343794575884164,0.9865416288375854
NIR,M4_011,Lab_a,2.3999999999999133,-5.193630695343018,-5.432415212237212,0.7010624142224062,0.8145870566368103
NIR,M4_011,Lab_a,2.5999999999999126,-5.213496685028076,-5.535956101022532,0.6618194312361484,0.9417179226875305
NIR,M4_011,Lab_a,2.799999999999912,-5.39693021774292,-5.653425281946528,0.6172974928745032,0.8940423727035522
NIR,M4_011,Lab_a,2.999999999999911,-5.793065071105957,-5.780424555231599,0.5691635587421959,0.8226572871208191
NIR,M4_011,Lab_a,3.1999999999999105,-6.163192272186279,-5.9107896607607735,0.5197539421327585,0.6885866522789001
NIR,M4_011,Lab_a,3.3999999999999098,-6.296701431274414,-6.0378296735152315,0.47160456735354583,0.6888531446456909
NIR,M4_011,Lab_a,3.599999999999909,-6.284065246582031,-6.155476766582396,0.4270151985951817,0.8465455174446106
NIR,M4_011,Lab_a,3.7999999999999083,-6.273383617401123,-6.2591124669791025,0.3877362811052107,0.7232924699783325
NIR,M4_011,Lab_a,3.9999999999999076,-6.430856227874756,-6.345964812082226,0.3548184151183226,0.5402474403381348
NIR,M4_011,Lab_a,4.199999999999907,-6.624075412750244,-6.415179585174836,0.3285853569059029,0.4558543562889099
NIR,M4_011,Lab_a,4.399999999999906,-6.719223499298096,-6.46769660328888,0.30868090686190613,0.4944722056388855
NIR,M4_011,Lab_a,4.5999999999999055,-6.636112689971924,-6.505996746003065,0.2941647879977894,0.36980828642845154
NIR,M4_011,Lab_a,4.799999999999905,-6.564220905303955,-6.5337302114763425,0.28365354044635743,0.3677370548248291
NIR,M4_011,Lab_a,4.999999999999904,-6.541694641113281,-6.555161071772435,0.2755310402838934,0.42650821805000305
NIR,M4_011,Lab_a,5.199999999999903,-6.530136585235596,-6.574440384012072,0.2682239973264441,0.45083144307136536
NIR,M4_011,Lab_a,5.399999999999903,-6.373073101043701,-6.594875265916981,0.26047898246006385,0.5280882716178894
NIR,M4_011,Lab_a,5.599999999999902,-6.476405620574951,-6.618419090082349,0.2515556488670073,0.6636127233505249
NIR,M4_011,Lab_a,5.799999999999901,-6.682244777679443,-6.64555292178026,0.24127166822742782,0.5334654450416565
NIR,M4_011,Lab_a,5.9999999999999005,-6.719926834106445,-6.675647707792466,0.2298654577022239,0.5247228741645813
NIR,M4_011,Lab_a,6.1999999999999,-6.680679798126221,-6.707671231910502,0.21772823706536318,0.5129311680793762
NIR,M4_011,Lab_a,6.399999999999899,-6.922886371612549,-6.740905712147503,0.205132052526114,0.6462656259536743
NIR,M4_011,Lab_a,6.599999999999898,-6.867853164672852,-6.775381338854155,0.19206546165403032,0.6715362071990967
NIR,M4_011,Lab_a,6.799999999999898,-6.769574165344238,-6.811819204054098,0.17825516370437963,0.5965588092803955
NIR,M4_011,Lab_a,6.999999999999897,-6.683961868286133,-6.8511194735394945,0.16335998726863885,0.6070512533187866
NIR,M4_011,Lab_a,7.199999999999896,-6.649206638336182,-6.893642390191529,0.14724339686384003,0.4976063668727875
NIR,M4_011,Lab_a,7.3999999999998956,-6.791440963745117,-6.938631456694518,0.13019211217760382,0.4826599359512329
NIR,M4_011,Lab_a,7.599999999999895,-7.117471694946289,-6.984070011629171,0.11297046709478162,0.4625202715396881
NIR,M4_011,Lab_a,7.799999999999894,-7.216432094573975,-7.026995359737288,0.096701351335319,0.4863630533218384
NIR,M4_011,Lab_a,7.999999999999893,-7.300267219543457,-7.064137499453113,0.08262412663654883,0.3999180197715759
NIR,M4_011,Lab_a,8.199999999999893,-7.093064785003662,-7.0926027777638705,0.07183551504983321,0.38448089361190796
NIR,M4_011,Lab_a,8.399999999999892,-7.070404052734375,-7.110375119572057,0.06509962823848217,0.4963276982307434
NIR,M4_011,Lab_a,8.599999999999891,-7.246035575866699,-7.116550933214607,0.06275893604871928,0.5718767046928406
NIR,M4_011,Lab_a,8.79999999999989,-7.300070285797119,-7.11132824733453,0.06473838373879444,0.6182711720466614
NIR,M4_011,Lab_a,8.99999999999989,-7.144342422485352,-7.095895131848908,0.07058768149480396,0.5857831835746765
NIR,M4_011,Lab_a,9.19999999999989,-7.166721820831299,-7.072245289877625,0.07955119684602961,0.5632875561714172
NIR,M4_011,Lab_a,9.399999999999888,-7.095950603485107,-7.042931075647361,0.09066156323161219,0.5134114623069763
NIR,M4_011,Lab_a,9.599999999999888,-6.943210124969482,-7.010756699167331,0.10285595835040577,0.3452757000923157
NIR,M4_011,Lab_a,9.799999999999887,-6.848663330078125,-6.978507238722714,0.1150788110068871,0.39346617460250854
NIR,M4_011,Lab_a,9.999999999999886,-6.880013942718506,-6.948707704086898,0.12637311844842733,0.37113621830940247
NIR,M4_011,Lab_a,10.19999999999989,-6.9849772453308105,-6.923535371554819,0.1359136722225885,0.4095918536186218
NIR,M4_011,Lab_a,10.399999999999885,-6.837292194366455,-6.904846005983955,0.14299711977384583,0.4452477991580963
NIR,M4_011,Lab_a,10.59999999999988,-6.851208209991455,-6.894190366806349,0.14703570850782405,0.5008708238601685
NIR,M4_011,Lab_a,10.799999999999883,-6.845480442047119,-6.892738581362689,0.14758594901796068,0.3671450614929199
NIR,M4_011,Lab_a,10.999999999999886,-6.823330402374268,-6.901014997894329,0.1444491083268233,0.35768675804138184
NIR,M4_011,Lab_a,11.199999999999882,-6.717609882354736,-6.918537366020833,0.137807963921611,0.4183915853500366
NIR,M4_011,Lab_a,11.399999999999878,-6.681910514831543,-6.943571552484617,0.1283197688230544,0.34689828753471375
NIR,M4_011,Lab_a,11.59999999999988,-6.968753337860107,-6.973210752281985,0.11708622981233531,0.6151291728019714
NIR,M4_011,Lab_a,11.799999999999883,-7.2022480964660645,-7.0039376079940805,0.10544045885096112,0.7370380759239197
NIR,M4_011,Lab_a,11.99999999999988,-7.185429573059082,-7.032495646563699,0.09461669024267641,0.7539820075035095
NIR,M4_011,Lab_a,12.199999999999875,-7.154327869415283,-7.056818444994915,0.08539811798381329,0.6839087009429932
NIR,M4_011,Lab_a,12.399999999999878,-7.299870014190674,-7.076628130818845,0.07789005838657138,0.6487228870391846
NIR,M4_011,Lab_a,12.59999999999988,-7.128946304321289,-7.09343440127885,0.07152032181716748,0.6740193963050842
NIR,M4_011,Lab_a,12.799999999999876,-6.944888114929199,-7.109906764845823,0.0652771391403949,0.42773380875587463
NIR,M4_011,Lab_a,12.999999999999872,-6.880436420440674,-7.128898461668076,0.05807910516541995,0.3295401930809021
NIR,M4_011,Lab_a,13.199999999999875,-6.917619705200195,-7.152528937869572,0.04912292962538592,0.514021635055542
NIR,M4_011,Lab_a,13.399999999999878,-7.223936080932617,-7.181686290235314,0.03807201538042941,0.5913960933685303
NIR,M4_011,Lab_a,13.599999999999874,-7.3175578117370605,-7.2160271074422395,0.02505651859268474,0.5942368507385254
NIR,M4_011,Lab_a,13.79999999999987,-7.380846977233887,-7.254356587294052,0.01052928067399648,0.6188786029815674
NIR,M4_011,Lab_a,13.999999999999872,-7.2698822021484375,-7.295120170480609,-0.00492050559127029,0.5573318004608154
NIR,M4_011,Lab_a,14.199999999999875,-7.282671928405762,-7.336700149827968,-0.020679713776942225,0.38234853744506836
NIR,M4_011,Lab_a,14.39999999999987,-7.279874801635742,-7.37749575712618,-0.036141637485527935,0.4747016131877899
NIR,M4_011,Lab_a,14.599999999999866,-7.269279479980469,-7.415868567588462,-0.050685298118270376,0.5970498919487
NIR,M4_011,Lab_a,14.79999999999987,-7.6438703536987305,-7.450162931706022,-0.06368318874272044,0.668239176273346
NIR,M4_011,Lab_a,14.999999999999872,-7.753379821777344,-7.478868256128524,-0.07456278009201696,0.5568881630897522
NIR,M4_011,Lab_a,15.199999999999868,-7.564523220062256,-7.500885712100271,-0.0829076056023661,0.6509271264076233
NIR,M4_011,Lab_a,15.399999999999864,-7.486088275909424,-7.515776335597321,-0.08855129372794401,0.6163051128387451
NIR,M4_011,Lab_a,15.599999999999866,-7.496095657348633,-7.523865861051823,-0.09161730092087178,0.7608688473701477
NIR,M4_011,Lab_a,15.79999999999987,-7.591688632965088,-7.526193042825117,-0.09249932497732584,0.8671271800994873
NIR,M4_011,Lab_a,15.999999999999865,-7.630124092102051,-7.524294247666679,-0.09177966352791093,0.8420099020004272
NIR,M4_011,Lab_a,16.19999999999986,-7.4573774337768555,-7.519976277453928,-0.09014311169237951,0.6971912980079651
NIR,M4_011,Lab_a,16.399999999999864,-7.540724277496338,-7.515078748204951,-0.08828690146232454,0.5268965363502502
NIR,M4_011,Lab_a,16.599999999999866,-7.513069152832031,-7.511245581443624,-0.0868340947522126,0.5294877290725708
NIR,M4_011,Lab_a,16.799999999999862,-7.383307933807373,-7.509740350397831,-0.0862635978498447,0.5272724032402039
NIR,M4_011,Lab_a,16.999999999999858,-7.428082466125488,-7.511294769232315,-0.08685273739259726,0.5195131897926331
NIR,M4_011,Lab_a,17.19999999999986,-7.483377456665039,-7.516076734556281,-0.08866514779442759,0.4911395311355591
NIR,M4_011,Lab_a,17.399999999999864,-7.58994722366333,-7.523760194942147,-0.09157725245892696,0.5310024619102478
NIR,M4_011,Lab_a,17.59999999999986,-7.520854473114014,-7.533651654055779,-0.09532620967051082,0.4732690453529358
NIR,M4_011,Lab_a,17.799999999999855,-7.585695266723633,-7.544805601297381,-0.09955366190669303,0.4570007622241974
NIR,M4_011,Lab_a,17.999999999999858,-7.564213752746582,-7.5560736481546895,-0.10382435898392738,0.5340250730514526
NIR,M4_011,Lab_a,18.19999999999986,-7.476319789886475,-7.566137248721897,-0.10763855944591334,0.5466483235359192
NIR,M4_011,Lab_a,18.399999999999856,-7.5391082763671875,-7.5735664811046695,-0.11045430927594029,0.6228403449058533
NIR,M4_011,Lab_a,18.599999999999852,-7.594329357147217,-7.57701250542976,-0.11176038531552453,0.5750722289085388
NIR,M4_011,Lab_a,18.799999999999855,-7.785635471343994,-7.575592853455111,-0.1112223236961863,0.5144294500350952
NIR,M4_011,Lab_a,18.999999999999858,-7.753629684448242,-7.569298018539879,-0.10883652131050314,0.3924131393432617
NIR,M4_011,Lab_a,19.199999999999854,-7.614916801452637,-7.559264149011485,-0.10503358919538953,0.4769601821899414
NIR,M4_011,Lab_a,19.39999999999985,-7.487434387207031,-7.547723361429137,-0.10065952078574786,0.6119739413261414
NIR,M4_011,Lab_a,19.599999999999852,-7.403373718261719,-7.537596137876863,-0.09682120660646806,0.6164702773094177
NIR,M4_011,Lab_a,19.799999999999855,-7.433636665344238,-7.53187290048583,-0.09465204512642429,0.5825284719467163
NIR,M4_011,Lab_a,19.99999999999985,-7.449479579925537,-7.532963294857735,-0.0950653149784314,0.6040843725204468
NIR,M4_011,Lab_a,20.199999999999847,-7.365771770477295,-7.542259378727869,-0.09858861930229976,0.5943619608879089
NIR,M4_011,Lab_a,20.39999999999985,-7.528561115264893,-7.560015388492592,-0.1053183161136297,0.6453633308410645
NIR,M4_011,Lab_a,20.599999999999852,-7.626360893249512,-7.585479543417838,-0.11496947335415504,0.46240106225013733
NIR,M4_011,Lab_a,20.799999999999848,-7.652519702911377,-7.617167321605355,-0.12697944308566209,0.4943593442440033
NIR,M4_011,Lab_a,20.999999999999844,-7.580833911895752,-7.653123672162598,-0.14060724239972275,0.47073036432266235
NIR,M4_011,Lab_a,21.199999999999847,-7.522732257843018,-7.691146686135312,-0.1550183268314124,0.46955323219299316
NIR,M4_011,Lab_a,21.39999999999985,-7.792253494262695,-7.728961423813933,-0.16935047256399113,0.580105185508728
NIR,M4_011,Lab_a,21.599999999999845,-7.874366760253906,-7.764417571629171,-0.18278869027483682,0.7751333117485046
NIR,M4_011,Lab_a,21.79999999999984,-7.925593376159668,-7.795732007972344,-0.19465715989158233,0.703386127948761
NIR,M4_011,Lab_a,21.999999999999844,-7.8794331550598145,-7.821710305717067,-0.2045031821574512,0.6755008697509766
